"","treatment","population","time","strain","clone","mutator_status","type","start_position","end_position","gene_position","html_position","html_mutation","html_mutation_annotation","gene_list","gene_name","html_gene_name","gene_product","html_gene_product","locus_tag","mutation_category","snp_type"
"1","LTEE","Ara-1",2000,"REL1164A","A","non-mutator","MOB",795320,795325,"intergenic (+25/+12)","795,320","IS<i>186</i>&nbsp;(+)&nbsp;+6&nbsp;bp","intergenic&nbsp;(+25/+12)","ECB_00736,ECB_00737","ECB_00736/ECB_00737","<i>ECB_00736</i>&nbsp;&rarr;&nbsp;/&nbsp;&larr;&nbsp;<i>ECB_00737</i>","hypothetical protein/hypothetical protein","hypothetical protein/hypothetical protein","ECB_00736/ECB_00737","mobile_element_insertion","not_snp"
"2","LTEE","Ara-1",2000,"REL1164A","A","non-mutator","SNP",1329516,1329516,"97","1,329,516","C&rarr;T","<font class=snp_type_nonsynonymous>H33Y</font>&nbsp;(<font class=mutation_in_codon>C</font>AC&rarr;<font class=mutation_in_codon>T</font>AC)&nbsp;","topA","topA","<i>topA</i>&nbsp;&rarr;","DNA topoisomerase I","DNA topoisomerase I","ECB_01250","snp_nonsynonymous","nonsynonymous"
"3","LTEE","Ara-1",2000,"REL1164A","A","non-mutator","SNP",1733101,1733101,"137","1,733,101","G&rarr;C","<font class=snp_type_nonsynonymous>R46P</font>&nbsp;(C<font class=mutation_in_codon>G</font>C&rarr;C<font class=mutation_in_codon>C</font>C)&nbsp;","pykF","pykF","<i>pykF</i>&nbsp;&rarr;","pyruvate kinase","pyruvate kinase","ECB_01645","snp_nonsynonymous","nonsynonymous"
"4","LTEE","Ara-1",2000,"REL1164A","A","non-mutator","SNP",3762741,3762741,"1985","3,762,741","A&rarr;T","<font class=snp_type_nonsynonymous>K662I</font>&nbsp;(A<font class=mutation_in_codon>A</font>A&rarr;A<font class=mutation_in_codon>T</font>A)&nbsp;","spoT","spoT","<i>spoT</i>&nbsp;&rarr;","bifunctional (p)ppGpp synthetase II/ guanosine-3',5'-bis pyrophosphate 3'-pyrophosphohydrolase","bifunctional (p)ppGpp synthetase II/ guanosine&#8209;3',5'&#8209;bis pyrophosphate 3'&#8209;pyrophosphohydrolase","ECB_03507","snp_nonsynonymous","nonsynonymous"
"5","LTEE","Ara-1",2000,"REL1164A","A","non-mutator","INS",3875632,3875632,"intergenic (-66/+287)","3,875,632","(T)<sub>7&rarr;8</sub>","intergenic&nbsp;(&#8209;66/+287)","glmU,atpC","glmU/atpC","<i>glmU</i>&nbsp;&larr;&nbsp;/&nbsp;&larr;&nbsp;<i>atpC</i>","bifunctional N-acetylglucosamine-1-phosphate uridyltransferase/glucosamine-1-phosphate acetyltransferase/F0F1 ATP synthase subunit epsilon","bifunctional N&#8209;acetylglucosamine&#8209;1&#8209;phosphate uridyltransferase/glucosamine&#8209;1&#8209;phosphate acetyltransferase/F0F1 ATP synthase subunit epsilon","ECB_03614/ECB_03615","small_indel","not_snp"
"6","LTEE","Ara-1",2000,"REL1164A","A","non-mutator","DEL",3894998,3901931,"","3,894,998","&Delta;6,934&nbsp;bp","IS<i>150</i>&#8209;mediated","rbsD,rbsA,rbsC,rbsB,rbsK,rbsR,[yieO]","rbsD–[yieO]","<i>rbsD</i>&#8211;<i>[yieO]</i>","rbsD, rbsA, rbsC, rbsB, rbsK, rbsR, [yieO]","<i>rbsD, rbsA, rbsC, rbsB, rbsK, rbsR, [yieO]</i>","[ECB_03634]–[ECB_03640]","large_deletion","not_snp"
"7","LTEE","Ara-1",2000,"REL1164B","B","non-mutator","AMP",880542,904696,"","880,542","24,155&nbsp;bp&nbsp;x&nbsp;2","duplication","ECB_00814,ECB_00815,ECB_00816,ECB_00817,ECB_00818,ECB_00819,ECB_00820,ECB_00821,ECB_00822,ECB_00823,ECB_00824,ECB_00825,ECB_00826,ECB_00827,ECB_00828,ECB_00829,ECB_00830,ECB_00831,ECB_00832,ECB_00833,ECB_00834,ECB_00835,ECB_00836,ECB_00837,ECB_00838,ECB_00839,ECB_00840,ECB_00841,ECB_00842,ECB_00843,ECB_00844,ECB_00845,ECB_00846,tfaE,ECB_00848,ECB_00849,ECB_00850,ECB_00851","ECB_00814–ECB_00851","<i>ECB_00814</i>&#8211;<i>ECB_00851</i>","<i><b>38 genes</b><BR>ECB_00814, ECB_00815, ECB_00816, ECB_00817, ECB_00818, ECB_00819, ECB_00820, ECB_00821, ECB_00822, ECB_00823, ECB_00824, ECB_00825, ECB_00826, ECB_00827, ECB_00828, ECB_00829, ECB_00830, ECB_00831, ECB_00832, ECB_00833, ECB_00834, ECB_00835, ECB_00836, ECB_00837, ECB_00838, ECB_00839, ECB_00840, ECB_00841, ECB_00842, ECB_00843, ECB_00844, ECB_00845, ECB_00846, tfaE, ECB_00848, ECB_00849, ECB_00850, ECB_00851</i>","<i>ECB_00814, ECB_00815, ECB_00816, ECB_00817, ECB_00818, ECB_00819, ECB_00820, ECB_00821, ECB_00822, ECB_00823, ECB_00824, ECB_00825, ECB_00826, ECB_00827, ECB_00828, ECB_00829, ECB_00830, ECB_00831, ECB_00832, ECB_00833, ECB_00834, ECB_00835, ECB_00836, ECB_00837, ECB_00838, ECB_00839, ECB_00840, ECB_00841, ECB_00842, ECB_00843, ECB_00844, ECB_00845, ECB_00846, tfaE, ECB_00848, ECB_00849, ECB_00850, ECB_00851</i>","[ECB_00814]–[ECB_00851]","large_amplification","not_snp"
"8","LTEE","Ara-1",2000,"REL1164B","B","non-mutator","SNP",1329516,1329516,"97","1,329,516","C&rarr;T","<font class=snp_type_nonsynonymous>H33Y</font>&nbsp;(<font class=mutation_in_codon>C</font>AC&rarr;<font class=mutation_in_codon>T</font>AC)&nbsp;","topA","topA","<i>topA</i>&nbsp;&rarr;","DNA topoisomerase I","DNA topoisomerase I","ECB_01250","snp_nonsynonymous","nonsynonymous"
"9","LTEE","Ara-1",2000,"REL1164B","B","non-mutator","SNP",1435468,1435468,"812","1,435,468","C&rarr;T","<font class=snp_type_nonsynonymous>A271V</font>&nbsp;(G<font class=mutation_in_codon>C</font>A&rarr;G<font class=mutation_in_codon>T</font>A)&nbsp;","ydbH","ydbH","<i>ydbH</i>&nbsp;&rarr;","hypothetical protein","hypothetical protein","ECB_01353","snp_nonsynonymous","nonsynonymous"
"10","LTEE","Ara-1",2000,"REL1164B","B","non-mutator","INS",1733585,1733585,"coding (621/1413 nt)","1,733,585","(GCACCTG)<sub>1&rarr;2</sub>","coding&nbsp;(621/1413&nbsp;nt)","pykF","pykF","<i>pykF</i>&nbsp;&rarr;","pyruvate kinase","pyruvate kinase","ECB_01645","small_indel","not_snp"
"11","LTEE","Ara-1",2000,"REL1164B","B","non-mutator","SNP",3762741,3762741,"1985","3,762,741","A&rarr;T","<font class=snp_type_nonsynonymous>K662I</font>&nbsp;(A<font class=mutation_in_codon>A</font>A&rarr;A<font class=mutation_in_codon>T</font>A)&nbsp;","spoT","spoT","<i>spoT</i>&nbsp;&rarr;","bifunctional (p)ppGpp synthetase II/ guanosine-3',5'-bis pyrophosphate 3'-pyrophosphohydrolase","bifunctional (p)ppGpp synthetase II/ guanosine&#8209;3',5'&#8209;bis pyrophosphate 3'&#8209;pyrophosphohydrolase","ECB_03507","snp_nonsynonymous","nonsynonymous"
"12","LTEE","Ara-1",2000,"REL1164B","B","non-mutator","INS",3875632,3875632,"intergenic (-66/+287)","3,875,632","(T)<sub>7&rarr;8</sub>","intergenic&nbsp;(&#8209;66/+287)","glmU,atpC","glmU/atpC","<i>glmU</i>&nbsp;&larr;&nbsp;/&nbsp;&larr;&nbsp;<i>atpC</i>","bifunctional N-acetylglucosamine-1-phosphate uridyltransferase/glucosamine-1-phosphate acetyltransferase/F0F1 ATP synthase subunit epsilon","bifunctional N&#8209;acetylglucosamine&#8209;1&#8209;phosphate uridyltransferase/glucosamine&#8209;1&#8209;phosphate acetyltransferase/F0F1 ATP synthase subunit epsilon","ECB_03614/ECB_03615","small_indel","not_snp"
"13","LTEE","Ara-1",2000,"REL1164B","B","non-mutator","DEL",3894998,3901931,"","3,894,998","&Delta;6,934&nbsp;bp","IS<i>150</i>&#8209;mediated","rbsD,rbsA,rbsC,rbsB,rbsK,rbsR,[yieO]","rbsD–[yieO]","<i>rbsD</i>&#8211;<i>[yieO]</i>","rbsD, rbsA, rbsC, rbsB, rbsK, rbsR, [yieO]","<i>rbsD, rbsA, rbsC, rbsB, rbsK, rbsR, [yieO]</i>","[ECB_03634]–[ECB_03640]","large_deletion","not_snp"
"14","LTEE","Ara-2",2000,"REL1165A","A","non-mutator","SNP",649522,649522,"1280","649,522","C&rarr;T","<font class=snp_type_nonsynonymous>G427D</font>&nbsp;(G<font class=mutation_in_codon>G</font>C&rarr;G<font class=mutation_in_codon>A</font>C)&nbsp;","mrdA","mrdA","<i>mrdA</i>&nbsp;&larr;","transpeptidase involved in peptidoglycan synthesis (penicillin-binding protein 2)","transpeptidase involved in peptidoglycan synthesis (penicillin&#8209;binding protein 2)","ECB_00604","snp_nonsynonymous","nonsynonymous"
"15","LTEE","Ara-2",2000,"REL1165A","A","non-mutator","SNP",1733754,1733754,"790","1,733,754","A&rarr;T","<font class=snp_type_nonsynonymous>I264F</font>&nbsp;(<font class=mutation_in_codon>A</font>TC&rarr;<font class=mutation_in_codon>T</font>TC)&nbsp;","pykF","pykF","<i>pykF</i>&nbsp;&rarr;","pyruvate kinase","pyruvate kinase","ECB_01645","snp_nonsynonymous","nonsynonymous"
"16","LTEE","Ara-2",2000,"REL1165A","A","non-mutator","MOB",2322340,2322345,"coding (131-136/963 nt)","2,322,340","IS<i>186</i>&nbsp;(&#8211;)&nbsp;+6&nbsp;bp","coding&nbsp;(131&#8209;136/963&nbsp;nt)","menC","menC","<i>menC</i>&nbsp;&larr;","O-succinylbenzoate synthase","O&#8209;succinylbenzoate synthase","ECB_02188","mobile_element_insertion","not_snp"
"17","LTEE","Ara-2",2000,"REL1165A","A","non-mutator","SNP",2619643,2619643,"337","2,619,643","G&rarr;A","<font class=snp_type_nonsynonymous>P113S</font>&nbsp;(<font class=mutation_in_codon>C</font>CC&rarr;<font class=mutation_in_codon>T</font>CC)&nbsp;","yfhB","yfhB","<i>yfhB</i>&nbsp;&larr;","hypothetical protein","hypothetical protein","ECB_02454","snp_nonsynonymous","nonsynonymous"
"18","LTEE","Ara-2",2000,"REL1165A","A","non-mutator","SNP",3762120,3762120,"1364","3,762,120","C&rarr;A","<font class=snp_type_nonsynonymous>A455D</font>&nbsp;(G<font class=mutation_in_codon>C</font>C&rarr;G<font class=mutation_in_codon>A</font>C)&nbsp;","spoT","spoT","<i>spoT</i>&nbsp;&rarr;","bifunctional (p)ppGpp synthetase II/ guanosine-3',5'-bis pyrophosphate 3'-pyrophosphohydrolase","bifunctional (p)ppGpp synthetase II/ guanosine&#8209;3',5'&#8209;bis pyrophosphate 3'&#8209;pyrophosphohydrolase","ECB_03507","snp_nonsynonymous","nonsynonymous"
"19","LTEE","Ara-2",2000,"REL1165A","A","non-mutator","DEL",3894997,3895610,"","3,894,997","&Delta;614&nbsp;bp","IS<i>150</i>&#8209;mediated","rbsD,[rbsA]","rbsD–[rbsA]","<i>rbsD</i>&#8211;<i>[rbsA]</i>","rbsD, [rbsA]","<i>rbsD, [rbsA]</i>","[ECB_03634]–[ECB_03635]","large_deletion","not_snp"
"20","LTEE","Ara-2",2000,"REL11829","B","non-mutator","SNP",649522,649522,"1280","649,522","C&rarr;T","<font class=snp_type_nonsynonymous>G427D</font>&nbsp;(G<font class=mutation_in_codon>G</font>C&rarr;G<font class=mutation_in_codon>A</font>C)&nbsp;","mrdA","mrdA","<i>mrdA</i>&nbsp;&larr;","transpeptidase involved in peptidoglycan synthesis (penicillin-binding protein 2)","transpeptidase involved in peptidoglycan synthesis (penicillin&#8209;binding protein 2)","ECB_00604","snp_nonsynonymous","nonsynonymous"
"21","LTEE","Ara-2",2000,"REL11829","B","non-mutator","SNP",1733754,1733754,"790","1,733,754","A&rarr;T","<font class=snp_type_nonsynonymous>I264F</font>&nbsp;(<font class=mutation_in_codon>A</font>TC&rarr;<font class=mutation_in_codon>T</font>TC)&nbsp;","pykF","pykF","<i>pykF</i>&nbsp;&rarr;","pyruvate kinase","pyruvate kinase","ECB_01645","snp_nonsynonymous","nonsynonymous"
"22","LTEE","Ara-2",2000,"REL11829","B","non-mutator","SNP",3475057,3475057,"intergenic (+193/-168)","3,475,057","C&rarr;T","intergenic&nbsp;(+193/&#8209;168)","yhgI,gntT","yhgI/gntT","<i>yhgI</i>&nbsp;&rarr;&nbsp;/&nbsp;&rarr;&nbsp;<i>gntT</i>","predicted gluconate transport associated protein/gluconate transporter, high-affinity GNT I system","predicted gluconate transport associated protein/gluconate transporter, high&#8209;affinity GNT I system","ECB_03266/ECB_03267","snp_intergenic","intergenic"
"23","LTEE","Ara-2",2000,"REL11829","B","non-mutator","SNP",3762120,3762120,"1364","3,762,120","C&rarr;A","<font class=snp_type_nonsynonymous>A455D</font>&nbsp;(G<font class=mutation_in_codon>C</font>C&rarr;G<font class=mutation_in_codon>A</font>C)&nbsp;","spoT","spoT","<i>spoT</i>&nbsp;&rarr;","bifunctional (p)ppGpp synthetase II/ guanosine-3',5'-bis pyrophosphate 3'-pyrophosphohydrolase","bifunctional (p)ppGpp synthetase II/ guanosine&#8209;3',5'&#8209;bis pyrophosphate 3'&#8209;pyrophosphohydrolase","ECB_03507","snp_nonsynonymous","nonsynonymous"
"24","LTEE","Ara-2",2000,"REL11829","B","non-mutator","DEL",3894997,3898765,"","3,894,997","&Delta;3,769&nbsp;bp","IS<i>150</i>&#8209;mediated","rbsD,rbsA,rbsC,[rbsB]","rbsD–[rbsB]","<i>rbsD</i>&#8211;<i>[rbsB]</i>","rbsD, rbsA, rbsC, [rbsB]","<i>rbsD, rbsA, rbsC, [rbsB]</i>","[ECB_03634]–[ECB_03637]","large_deletion","not_snp"
"25","LTEE","Ara-3",2000,"REL1166A","A","non-mutator","SNP",648692,648692,"206","648,692","C&rarr;T","<font class=snp_type_nonsynonymous>R69H</font>&nbsp;(C<font class=mutation_in_codon>G</font>C&rarr;C<font class=mutation_in_codon>A</font>C)&nbsp;","mrdB","mrdB","<i>mrdB</i>&nbsp;&larr;","cell wall shape-determining protein","cell wall shape&#8209;determining protein","ECB_00603","snp_nonsynonymous","nonsynonymous"
"26","LTEE","Ara-3",2000,"REL1166A","A","non-mutator","DEL",1270125,1270659,"","1,270,125","&Delta;535&nbsp;bp","","ldrC","ldrC","<i>ldrC</i>","ldrC","<i>ldrC</i>","[ECB_01193]","large_deletion","not_snp"
"27","LTEE","Ara-3",2000,"REL1166A","A","non-mutator","MOB",1462320,1462322,"intergenic (-82/-257)","1,462,320","IS<i>150</i>&nbsp;(&#8211;)&nbsp;+3&nbsp;bp","intergenic&nbsp;(&#8209;82/&#8209;257)","mokB,trg","mokB/trg","<i>mokB</i>&nbsp;&larr;&nbsp;/&nbsp;&rarr;&nbsp;<i>trg</i>","regulatory peptide/methyl-accepting chemotaxis protein III, ribose and galactose sensor receptor","regulatory peptide/methyl&#8209;accepting chemotaxis protein III, ribose and galactose sensor receptor","ECB_01377/ECB_01378","mobile_element_insertion","not_snp"
"28","LTEE","Ara-3",2000,"REL1166A","A","non-mutator","SNP",1733343,1733343,"379","1,733,343","G&rarr;A","<font class=snp_type_nonsynonymous>D127N</font>&nbsp;(<font class=mutation_in_codon>G</font>AT&rarr;<font class=mutation_in_codon>A</font>AT)&nbsp;","pykF","pykF","<i>pykF</i>&nbsp;&rarr;","pyruvate kinase","pyruvate kinase","ECB_01645","snp_nonsynonymous","nonsynonymous"
"29","LTEE","Ara-3",2000,"REL1166A","A","non-mutator","INS",2103918,2103918,"coding (185/216 nt)","2,103,918","(CCAG)<sub>7&rarr;12</sub>","coding&nbsp;(185/216&nbsp;nt)","ECB_01992","ECB_01992","<i>ECB_01992</i>&nbsp;&rarr;","hypothetical protein","hypothetical protein","ECB_01992","small_indel","not_snp"
"30","LTEE","Ara-3",2000,"REL1166A","A","non-mutator","MOB",2405654,2405656,"coding (691-693/1347 nt)","2,405,654","IS<i>150</i>&nbsp;(+)&nbsp;+3&nbsp;bp","coding&nbsp;(691&#8209;693/1347&nbsp;nt)","fadL","fadL","<i>fadL</i>&nbsp;&rarr;","long-chain fatty acid outer membrane transporter","long&#8209;chain fatty acid outer membrane transporter","ECB_02268","mobile_element_insertion","not_snp"
"31","LTEE","Ara-3",2000,"REL1166A","A","non-mutator","SNP",3249997,3249997,"1252","3,249,997","A&rarr;G","<font class=snp_type_nonsynonymous>S418P</font>&nbsp;(<font class=mutation_in_codon>T</font>CT&rarr;<font class=mutation_in_codon>C</font>CT)&nbsp;","infB","infB","<i>infB</i>&nbsp;&larr;","translation initiation factor IF-2","translation initiation factor IF&#8209;2","ECB_03035","snp_nonsynonymous","nonsynonymous"
"32","LTEE","Ara-3",2000,"REL1166A","A","non-mutator","DEL",3894998,3900560,"","3,894,998","&Delta;5,563&nbsp;bp","IS<i>150</i>&#8209;mediated","rbsD,rbsA,rbsC,rbsB,rbsK,[rbsR]","rbsD–[rbsR]","<i>rbsD</i>&#8211;<i>[rbsR]</i>","rbsD, rbsA, rbsC, rbsB, rbsK, [rbsR]","<i>rbsD, rbsA, rbsC, rbsB, rbsK, [rbsR]</i>","[ECB_03634]–[ECB_03639]","large_deletion","not_snp"
"33","LTEE","Ara-3",2000,"REL1166A","A","non-mutator","DEL",4431394,4431395,"coding (3526-3527/3780 nt)","4,431,394","&Delta;2&nbsp;bp","coding&nbsp;(3526&#8209;3527/3780&nbsp;nt)","ytfN","ytfN","<i>ytfN</i>&nbsp;&rarr;","hypothetical protein","hypothetical protein","ECB_04092","small_indel","not_snp"
"34","LTEE","Ara-3",2000,"REL1166A","A","non-mutator","MOB",4616036,4616041,"coding (508-513/1233 nt)","4,616,036","IS<i>186</i>&nbsp;(&#8211;)&nbsp;+6&nbsp;bp","coding&nbsp;(508&#8209;513/1233&nbsp;nt)","nadR","nadR","<i>nadR</i>&nbsp;&rarr;","nicotinamide-nucleotide adenylyltransferase","nicotinamide&#8209;nucleotide adenylyltransferase","ECB_04266","mobile_element_insertion","not_snp"
"35","LTEE","Ara-3",2000,"REL1166B","B","non-mutator","MOB",16972,16974,"intergenic (-14/-514)","16,972","IS<i>150</i>&nbsp;(&#8211;)&nbsp;+3&nbsp;bp","intergenic&nbsp;(&#8209;14/&#8209;514)","mokC,nhaA","mokC/nhaA","<i>mokC</i>&nbsp;&larr;&nbsp;/&nbsp;&rarr;&nbsp;<i>nhaA</i>","regulatory protein for HokC, overlaps CDS of hokC/pH-dependent sodium/proton antiporter","regulatory protein for HokC, overlaps CDS of hokC/pH&#8209;dependent sodium/proton antiporter","ECB_00017/ECB_00018","mobile_element_insertion","not_snp"
"36","LTEE","Ara-3",2000,"REL1166B","B","non-mutator","MOB",92876,92878,"coding (439-441/459 nt)","92,876","IS<i>150</i>&nbsp;(+)&nbsp;+3&nbsp;bp","coding&nbsp;(439&#8209;441/459&nbsp;nt)","yabB","yabB","<i>yabB</i>&nbsp;&rarr;","hypothetical protein","hypothetical protein","ECB_00082","mobile_element_insertion","not_snp"
"37","LTEE","Ara-3",2000,"REL1166B","B","non-mutator","AMP",588495,590472,"","588,495","1,978&nbsp;bp&nbsp;x&nbsp;2","duplication","insJ-1,insK-1,insB-7,insA-7,insK-1","insJ-1–insK-1","<i>insJ&#8209;1</i>&#8211;<i>insK&#8209;1</i>","insJ-1, insK-1, insB-7, insA-7, insK-1","<i>insJ&#8209;1, insK&#8209;1, insB&#8209;7, insA&#8209;7, insK&#8209;1</i>","[ECB_00543]–[ECB_00544]","large_amplification","not_snp"
"38","LTEE","Ara-3",2000,"REL1166B","B","non-mutator","SNP",920514,920514,"intergenic (-73/+145)","920,514","T&rarr;C","intergenic&nbsp;(&#8209;73/+145)","artP,ybjP","artP/ybjP","<i>artP</i>&nbsp;&larr;&nbsp;/&nbsp;&larr;&nbsp;<i>ybjP</i>","arginine transporter subunit/predicted lipoprotein","arginine transporter subunit/predicted lipoprotein","ECB_00869/ECB_00870","snp_intergenic","intergenic"
"39","LTEE","Ara-3",2000,"REL1166B","B","non-mutator","MOB",1733141,1733143,"coding (177-179/1413 nt)","1,733,141","IS<i>150</i>&nbsp;(+)&nbsp;+3&nbsp;bp","coding&nbsp;(177&#8209;179/1413&nbsp;nt)","pykF","pykF","<i>pykF</i>&nbsp;&rarr;","pyruvate kinase","pyruvate kinase","ECB_01645","mobile_element_insertion","not_snp"
"40","LTEE","Ara-3",2000,"REL1166B","B","non-mutator","MOB",2098365,2098367,"coding (69-71/333 nt)","2,098,365","IS<i>150</i>&nbsp;(+)&nbsp;+3&nbsp;bp","coding&nbsp;(69&#8209;71/333&nbsp;nt)","yegP","yegP","<i>yegP</i>&nbsp;&rarr;","hypothetical protein","hypothetical protein","ECB_01985","mobile_element_insertion","not_snp"
"41","LTEE","Ara-3",2000,"REL1166B","B","non-mutator","SNP",3675498,3675498,"239","3,675,498","A&rarr;C","<font class=snp_type_nonsynonymous>D80A</font>&nbsp;(G<font class=mutation_in_codon>A</font>C&rarr;G<font class=mutation_in_codon>C</font>C)&nbsp;","yiaN","yiaN","<i>yiaN</i>&nbsp;&rarr;","predicted transporter","predicted transporter","ECB_03430","snp_nonsynonymous","nonsynonymous"
"42","LTEE","Ara-3",2000,"REL1166B","B","non-mutator","DEL",3894997,3901402,"","3,894,997","&Delta;6,406&nbsp;bp","IS<i>150</i>&#8209;mediated","rbsD,rbsA,rbsC,rbsB,rbsK,rbsR,[yieO]","rbsD–[yieO]","<i>rbsD</i>&#8211;<i>[yieO]</i>","rbsD, rbsA, rbsC, rbsB, rbsK, rbsR, [yieO]","<i>rbsD, rbsA, rbsC, rbsB, rbsK, rbsR, [yieO]</i>","[ECB_03634]–[ECB_03640]","large_deletion","not_snp"
"43","LTEE","Ara-3",2000,"REL1166B","B","non-mutator","SNP",4101029,4101029,"202","4,101,029","G&rarr;T","<font class=snp_type_nonsynonymous>R68S</font>&nbsp;(<font class=mutation_in_codon>C</font>GT&rarr;<font class=mutation_in_codon>A</font>GT)&nbsp;","hslU","hslU","<i>hslU</i>&nbsp;&larr;","ATP-dependent protease ATP-binding subunit","ATP&#8209;dependent protease ATP&#8209;binding subunit","ECB_03816","snp_nonsynonymous","nonsynonymous"
"44","LTEE","Ara-3",2000,"REL1166B","B","non-mutator","SNP",4141441,4141441,"514","4,141,441","C&rarr;T","<font class=snp_type_nonsense>Q172*</font>&nbsp;(<font class=mutation_in_codon>C</font>AA&rarr;<font class=mutation_in_codon>T</font>AA)&nbsp;","yijC","yijC","<i>yijC</i>&nbsp;&rarr;","DNA-binding transcriptional repressor","DNA&#8209;binding transcriptional repressor","ECB_03848","snp_nonsense","nonsense"
"45","LTEE","Ara-3",2000,"REL1166B","B","non-mutator","INS",4530778,4530778,"intergenic (+154/+89)","4,530,778","(AACCCT)<sub>1&rarr;2</sub>","intergenic&nbsp;(+154/+89)","fimH,gntP","fimH/gntP","<i>fimH</i>&nbsp;&rarr;&nbsp;/&nbsp;&larr;&nbsp;<i>gntP</i>","minor component of type 1 fimbriae/fructuronate transporter","minor component of type 1 fimbriae/fructuronate transporter","ECB_04189/ECB_04190","small_indel","not_snp"
"46","LTEE","Ara-4",2000,"REL1167A","A","non-mutator","SNP",216121,216121,"949","216,121","A&rarr;G","<font class=snp_type_nonsynonymous>S317G</font>&nbsp;(<font class=mutation_in_codon>A</font>GC&rarr;<font class=mutation_in_codon>G</font>GC)&nbsp;","tilS","tilS","<i>tilS</i>&nbsp;&rarr;","tRNA(Ile)-lysidine synthetase","tRNA(Ile)&#8209;lysidine synthetase","ECB_00186","snp_nonsynonymous","nonsynonymous"
"47","LTEE","Ara-4",2000,"REL1167A","A","non-mutator","SNP",650041,650041,"761","650,041","A&rarr;G","<font class=snp_type_nonsynonymous>L254P</font>&nbsp;(C<font class=mutation_in_codon>T</font>G&rarr;C<font class=mutation_in_codon>C</font>G)&nbsp;","mrdA","mrdA","<i>mrdA</i>&nbsp;&larr;","transpeptidase involved in peptidoglycan synthesis (penicillin-binding protein 2)","transpeptidase involved in peptidoglycan synthesis (penicillin&#8209;binding protein 2)","ECB_00604","snp_nonsynonymous","nonsynonymous"
"48","LTEE","Ara-4",2000,"REL1167A","A","non-mutator","SNP",825278,825278,"298","825,278","C&rarr;T","<font class=snp_type_nonsynonymous>A100T</font>&nbsp;(<font class=mutation_in_codon>G</font>CA&rarr;<font class=mutation_in_codon>A</font>CA)&nbsp;","ybiA","ybiA","<i>ybiA</i>&nbsp;&larr;","hypothetical protein","hypothetical protein","ECB_00765","snp_nonsynonymous","nonsynonymous"
"49","LTEE","Ara-4",2000,"REL1167A","A","non-mutator","SNP",1734349,1734349,"1385","1,734,349","C&rarr;T","<font class=snp_type_nonsynonymous>T462I</font>&nbsp;(A<font class=mutation_in_codon>C</font>T&rarr;A<font class=mutation_in_codon>T</font>T)&nbsp;","pykF","pykF","<i>pykF</i>&nbsp;&rarr;","pyruvate kinase","pyruvate kinase","ECB_01645","snp_nonsynonymous","nonsynonymous"
"50","LTEE","Ara-4",2000,"REL1167A","A","non-mutator","INS",3339443,3339443,"coding (282/297 nt)","3,339,443","(A)<sub>6&rarr;7</sub>","coding&nbsp;(282/297&nbsp;nt)","fis","fis","<i>fis</i>&nbsp;&rarr;","DNA-binding protein Fis","DNA&#8209;binding protein Fis","ECB_03119","small_indel","not_snp"
"51","LTEE","Ara-4",2000,"REL1167A","A","non-mutator","SNP",3761922,3761922,"1166","3,761,922","A&rarr;G","<font class=snp_type_nonsynonymous>Y389C</font>&nbsp;(T<font class=mutation_in_codon>A</font>C&rarr;T<font class=mutation_in_codon>G</font>C)&nbsp;","spoT","spoT","<i>spoT</i>&nbsp;&rarr;","bifunctional (p)ppGpp synthetase II/ guanosine-3',5'-bis pyrophosphate 3'-pyrophosphohydrolase","bifunctional (p)ppGpp synthetase II/ guanosine&#8209;3',5'&#8209;bis pyrophosphate 3'&#8209;pyrophosphohydrolase","ECB_03507","snp_nonsynonymous","nonsynonymous"
"52","LTEE","Ara-4",2000,"REL1167A","A","non-mutator","DEL",3894997,3901404,"","3,894,997","&Delta;6,408&nbsp;bp","IS<i>150</i>&#8209;mediated","rbsD,rbsA,rbsC,rbsB,rbsK,rbsR,[yieO]","rbsD–[yieO]","<i>rbsD</i>&#8211;<i>[yieO]</i>","rbsD, rbsA, rbsC, rbsB, rbsK, rbsR, [yieO]","<i>rbsD, rbsA, rbsC, rbsB, rbsK, rbsR, [yieO]</i>","[ECB_03634]–[ECB_03640]","large_deletion","not_snp"
"53","LTEE","Ara-4",2000,"REL1167A","A","non-mutator","SNP",4201886,4201886,"674","4,201,886","G&rarr;T","<font class=snp_type_nonsynonymous>A225E</font>&nbsp;(G<font class=mutation_in_codon>C</font>G&rarr;G<font class=mutation_in_codon>A</font>G)&nbsp;","iclR","iclR","<i>iclR</i>&nbsp;&larr;","DNA-binding transcriptional repressor","DNA&#8209;binding transcriptional repressor","ECB_03890","snp_nonsynonymous","nonsynonymous"
"54","LTEE","Ara-4",2000,"REL1167A","A","non-mutator","SNP",4593578,4593578,"131","4,593,578","C&rarr;T","<font class=snp_type_nonsynonymous>S44F</font>&nbsp;(T<font class=mutation_in_codon>C</font>T&rarr;T<font class=mutation_in_codon>T</font>T)&nbsp;","bglJ","bglJ","<i>bglJ</i>&nbsp;&rarr;","DNA-binding transcriptional activator","DNA&#8209;binding transcriptional activator","ECB_04243","snp_nonsynonymous","nonsynonymous"
"55","LTEE","Ara-4",2000,"REL1167B","B","non-mutator","SNP",650041,650041,"761","650,041","A&rarr;G","<font class=snp_type_nonsynonymous>L254P</font>&nbsp;(C<font class=mutation_in_codon>T</font>G&rarr;C<font class=mutation_in_codon>C</font>G)&nbsp;","mrdA","mrdA","<i>mrdA</i>&nbsp;&larr;","transpeptidase involved in peptidoglycan synthesis (penicillin-binding protein 2)","transpeptidase involved in peptidoglycan synthesis (penicillin&#8209;binding protein 2)","ECB_00604","snp_nonsynonymous","nonsynonymous"
"56","LTEE","Ara-4",2000,"REL1167B","B","non-mutator","SNP",825278,825278,"298","825,278","C&rarr;T","<font class=snp_type_nonsynonymous>A100T</font>&nbsp;(<font class=mutation_in_codon>G</font>CA&rarr;<font class=mutation_in_codon>A</font>CA)&nbsp;","ybiA","ybiA","<i>ybiA</i>&nbsp;&larr;","hypothetical protein","hypothetical protein","ECB_00765","snp_nonsynonymous","nonsynonymous"
"57","LTEE","Ara-4",2000,"REL1167B","B","non-mutator","SNP",1734349,1734349,"1385","1,734,349","C&rarr;T","<font class=snp_type_nonsynonymous>T462I</font>&nbsp;(A<font class=mutation_in_codon>C</font>T&rarr;A<font class=mutation_in_codon>T</font>T)&nbsp;","pykF","pykF","<i>pykF</i>&nbsp;&rarr;","pyruvate kinase","pyruvate kinase","ECB_01645","snp_nonsynonymous","nonsynonymous"
"58","LTEE","Ara-4",2000,"REL1167B","B","non-mutator","INS",2103918,2103918,"coding (185/216 nt)","2,103,918","(CCAG)<sub>7&rarr;8</sub>","coding&nbsp;(185/216&nbsp;nt)","ECB_01992","ECB_01992","<i>ECB_01992</i>&nbsp;&rarr;","hypothetical protein","hypothetical protein","ECB_01992","small_indel","not_snp"
"59","LTEE","Ara-4",2000,"REL1167B","B","non-mutator","INS",3339443,3339443,"coding (282/297 nt)","3,339,443","(A)<sub>6&rarr;7</sub>","coding&nbsp;(282/297&nbsp;nt)","fis","fis","<i>fis</i>&nbsp;&rarr;","DNA-binding protein Fis","DNA&#8209;binding protein Fis","ECB_03119","small_indel","not_snp"
"60","LTEE","Ara-4",2000,"REL1167B","B","non-mutator","SNP",3761922,3761922,"1166","3,761,922","A&rarr;G","<font class=snp_type_nonsynonymous>Y389C</font>&nbsp;(T<font class=mutation_in_codon>A</font>C&rarr;T<font class=mutation_in_codon>G</font>C)&nbsp;","spoT","spoT","<i>spoT</i>&nbsp;&rarr;","bifunctional (p)ppGpp synthetase II/ guanosine-3',5'-bis pyrophosphate 3'-pyrophosphohydrolase","bifunctional (p)ppGpp synthetase II/ guanosine&#8209;3',5'&#8209;bis pyrophosphate 3'&#8209;pyrophosphohydrolase","ECB_03507","snp_nonsynonymous","nonsynonymous"
"61","LTEE","Ara-4",2000,"REL1167B","B","non-mutator","DEL",3894997,3901404,"","3,894,997","&Delta;6,408&nbsp;bp","IS<i>150</i>&#8209;mediated","rbsD,rbsA,rbsC,rbsB,rbsK,rbsR,[yieO]","rbsD–[yieO]","<i>rbsD</i>&#8211;<i>[yieO]</i>","rbsD, rbsA, rbsC, rbsB, rbsK, rbsR, [yieO]","<i>rbsD, rbsA, rbsC, rbsB, rbsK, rbsR, [yieO]</i>","[ECB_03634]–[ECB_03640]","large_deletion","not_snp"
"62","LTEE","Ara-4",2000,"REL1167B","B","non-mutator","SNP",4201886,4201886,"674","4,201,886","G&rarr;T","<font class=snp_type_nonsynonymous>A225E</font>&nbsp;(G<font class=mutation_in_codon>C</font>G&rarr;G<font class=mutation_in_codon>A</font>G)&nbsp;","iclR","iclR","<i>iclR</i>&nbsp;&larr;","DNA-binding transcriptional repressor","DNA&#8209;binding transcriptional repressor","ECB_03890","snp_nonsynonymous","nonsynonymous"
"63","LTEE","Ara-5",2000,"REL1168A","A","non-mutator","AMP",590472,666130,"","590,472","75,659&nbsp;bp&nbsp;x&nbsp;2","duplication","hokE,insL-3,entD,fepA,fes,ybdZ,entF,fepE,fepC,fepG,fepD,ybdA,fepB,entC,entE,entB,entA,ybdB,cstA,cstA,ybdD,ybdH,ybdL,ybdM,ybdN,insB-8,insA-8,dsbG,ahpC,ahpF,ybdQ,ybdR,rnk,rna,citT,citG,citX,citF,citE,citD,citC,insB-9,insA-9,citA,citB,dcuC,crcA,cspE,ccrB,ybeM,tatE,lipA,ybeF,lipB,ybeD,dacA,rlpA,mrdB,mrdA,ybeA,ybeB,phpB,nadD,holA,rlpB,leuS,ybeL,ybeQ,ybeQ,ybeR,ybeV,hscC,rihA,gltL,insJ-2,insK-2,[gltL]","hokE–[gltL]","<i>hokE</i>&#8211;<i>[gltL]</i>","<i><b>77 genes</b><BR>hokE, insL-3, entD, fepA, fes, ybdZ, entF, fepE, fepC, fepG, fepD, ybdA, fepB, entC, entE, entB, entA, ybdB, cstA, cstA, ybdD, ybdH, ybdL, ybdM, ybdN, insB-8, insA-8, dsbG, ahpC, ahpF, ybdQ, ybdR, rnk, rna, citT, citG, citX, citF, citE, citD, citC, insB-9, insA-9, citA, citB, dcuC, crcA, cspE, ccrB, ybeM, tatE, lipA, ybeF, lipB, ybeD, dacA, rlpA, mrdB, mrdA, ybeA, ybeB, phpB, nadD, holA, rlpB, leuS, ybeL, ybeQ, ybeQ, ybeR, ybeV, hscC, rihA, gltL, insJ-2, insK-2, [gltL]</i>","<i>hokE, insL&#8209;3, entD, fepA, fes, ybdZ, entF, fepE, fepC, fepG, fepD, ybdA, fepB, entC, entE, entB, entA, ybdB, cstA, cstA, ybdD, ybdH, ybdL, ybdM, ybdN, insB&#8209;8, insA&#8209;8, dsbG, ahpC, ahpF, ybdQ, ybdR, rnk, rna, citT, citG, citX, citF, citE, citD, citC, insB&#8209;9, insA&#8209;9, citA, citB, dcuC, crcA, cspE, ccrB, ybeM, tatE, lipA, ybeF, lipB, ybeD, dacA, rlpA, mrdB, mrdA, ybeA, ybeB, phpB, nadD, holA, rlpB, leuS, ybeL, ybeQ, ybeQ, ybeR, ybeV, hscC, rihA, gltL, insJ&#8209;2, insK&#8209;2, [gltL]</i>","[ECB_00547]–[ECB_00618]","large_amplification","not_snp"
"64","LTEE","Ara-5",2000,"REL1168A","A","non-mutator","SNP",651601,651601,"20","651,601","T&rarr;A","<font class=snp_type_nonsynonymous>Q7L</font>&nbsp;(C<font class=mutation_in_codon>A</font>G&rarr;C<font class=mutation_in_codon>T</font>G)&nbsp;","ybeB","ybeB","<i>ybeB</i>&nbsp;&larr;","hypothetical protein","hypothetical protein","ECB_00606","snp_nonsynonymous","nonsynonymous"
"65","LTEE","Ara-5",2000,"REL1168A","A","non-mutator","SNP",1330018,1330018,"599","1,330,018","C&rarr;A","<font class=snp_type_nonsynonymous>A200E</font>&nbsp;(G<font class=mutation_in_codon>C</font>G&rarr;G<font class=mutation_in_codon>A</font>G)&nbsp;","topA","topA","<i>topA</i>&nbsp;&rarr;","DNA topoisomerase I","DNA topoisomerase I","ECB_01250","snp_nonsynonymous","nonsynonymous"
"66","LTEE","Ara-5",2000,"REL1168A","A","non-mutator","SNP",1733752,1733752,"788","1,733,752","T&rarr;C","<font class=snp_type_nonsynonymous>M263T</font>&nbsp;(A<font class=mutation_in_codon>T</font>G&rarr;A<font class=mutation_in_codon>C</font>G)&nbsp;","pykF","pykF","<i>pykF</i>&nbsp;&rarr;","pyruvate kinase","pyruvate kinase","ECB_01645","snp_nonsynonymous","nonsynonymous"
"67","LTEE","Ara-5",2000,"REL1168A","A","non-mutator","SNP",2275076,2275076,"1422","2,275,076","T&rarr;G","<font class=snp_type_nonsynonymous>Q474H</font>&nbsp;(CA<font class=mutation_in_codon>A</font>&rarr;CA<font class=mutation_in_codon>C</font>)&nbsp;","yfaQ","yfaQ","<i>yfaQ</i>&nbsp;&larr;","hypothetical protein","hypothetical protein","ECB_02153","snp_nonsynonymous","nonsynonymous"
"68","LTEE","Ara-5",2000,"REL1168A","A","non-mutator","MOB",2448493,2448498,"intergenic (+24/+21)","2,448,493","IS<i>186</i>&nbsp;(+)&nbsp;+6&nbsp;bp","intergenic&nbsp;(+24/+21)","nupC,yfeA","nupC/yfeA","<i>nupC</i>&nbsp;&rarr;&nbsp;/&nbsp;&larr;&nbsp;<i>yfeA</i>","nucleoside (except guanosine) transporter/predicted diguanylate cyclase","nucleoside (except guanosine) transporter/predicted diguanylate cyclase","ECB_02302/ECB_02303","mobile_element_insertion","not_snp"
"69","LTEE","Ara-5",2000,"REL1168A","A","non-mutator","SNP",2871889,2871889,"670","2,871,889","G&rarr;A","<font class=snp_type_nonsynonymous>G224S</font>&nbsp;(<font class=mutation_in_codon>G</font>GC&rarr;<font class=mutation_in_codon>A</font>GC)&nbsp;","galR","galR","<i>galR</i>&nbsp;&rarr;","DNA-binding transcriptional repressor","DNA&#8209;binding transcriptional repressor","ECB_02685","snp_nonsynonymous","nonsynonymous"
"70","LTEE","Ara-5",2000,"REL1168A","A","non-mutator","DEL",3894997,3900623,"","3,894,997","&Delta;5,627&nbsp;bp","IS<i>150</i>&#8209;mediated","rbsD,rbsA,rbsC,rbsB,rbsK,[rbsR]","rbsD–[rbsR]","<i>rbsD</i>&#8211;<i>[rbsR]</i>","rbsD, rbsA, rbsC, rbsB, rbsK, [rbsR]","<i>rbsD, rbsA, rbsC, rbsB, rbsK, [rbsR]</i>","[ECB_03634]–[ECB_03639]","large_deletion","not_snp"
"71","LTEE","Ara-5",2000,"REL1168A","A","non-mutator","SNP",4101100,4101100,"131","4,101,100","A&rarr;T","<font class=snp_type_nonsynonymous>L44Q</font>&nbsp;(C<font class=mutation_in_codon>T</font>G&rarr;C<font class=mutation_in_codon>A</font>G)&nbsp;","hslU","hslU","<i>hslU</i>&nbsp;&larr;","ATP-dependent protease ATP-binding subunit","ATP&#8209;dependent protease ATP&#8209;binding subunit","ECB_03816","snp_nonsynonymous","nonsynonymous"
"72","LTEE","Ara-5",2000,"REL1168B","B","non-mutator","SNP",651601,651601,"20","651,601","T&rarr;A","<font class=snp_type_nonsynonymous>Q7L</font>&nbsp;(C<font class=mutation_in_codon>A</font>G&rarr;C<font class=mutation_in_codon>T</font>G)&nbsp;","ybeB","ybeB","<i>ybeB</i>&nbsp;&larr;","hypothetical protein","hypothetical protein","ECB_00606","snp_nonsynonymous","nonsynonymous"
"73","LTEE","Ara-5",2000,"REL1168B","B","non-mutator","SNP",1330018,1330018,"599","1,330,018","C&rarr;A","<font class=snp_type_nonsynonymous>A200E</font>&nbsp;(G<font class=mutation_in_codon>C</font>G&rarr;G<font class=mutation_in_codon>A</font>G)&nbsp;","topA","topA","<i>topA</i>&nbsp;&rarr;","DNA topoisomerase I","DNA topoisomerase I","ECB_01250","snp_nonsynonymous","nonsynonymous"
"74","LTEE","Ara-5",2000,"REL1168B","B","non-mutator","SNP",1733752,1733752,"788","1,733,752","T&rarr;C","<font class=snp_type_nonsynonymous>M263T</font>&nbsp;(A<font class=mutation_in_codon>T</font>G&rarr;A<font class=mutation_in_codon>C</font>G)&nbsp;","pykF","pykF","<i>pykF</i>&nbsp;&rarr;","pyruvate kinase","pyruvate kinase","ECB_01645","snp_nonsynonymous","nonsynonymous"
"75","LTEE","Ara-5",2000,"REL1168B","B","non-mutator","SNP",2275076,2275076,"1422","2,275,076","T&rarr;G","<font class=snp_type_nonsynonymous>Q474H</font>&nbsp;(CA<font class=mutation_in_codon>A</font>&rarr;CA<font class=mutation_in_codon>C</font>)&nbsp;","yfaQ","yfaQ","<i>yfaQ</i>&nbsp;&larr;","hypothetical protein","hypothetical protein","ECB_02153","snp_nonsynonymous","nonsynonymous"
"76","LTEE","Ara-5",2000,"REL1168B","B","non-mutator","MOB",2448493,2448498,"intergenic (+24/+21)","2,448,493","IS<i>186</i>&nbsp;(+)&nbsp;+6&nbsp;bp","intergenic&nbsp;(+24/+21)","nupC,yfeA","nupC/yfeA","<i>nupC</i>&nbsp;&rarr;&nbsp;/&nbsp;&larr;&nbsp;<i>yfeA</i>","nucleoside (except guanosine) transporter/predicted diguanylate cyclase","nucleoside (except guanosine) transporter/predicted diguanylate cyclase","ECB_02302/ECB_02303","mobile_element_insertion","not_snp"
"77","LTEE","Ara-5",2000,"REL1168B","B","non-mutator","SNP",2871889,2871889,"670","2,871,889","G&rarr;A","<font class=snp_type_nonsynonymous>G224S</font>&nbsp;(<font class=mutation_in_codon>G</font>GC&rarr;<font class=mutation_in_codon>A</font>GC)&nbsp;","galR","galR","<i>galR</i>&nbsp;&rarr;","DNA-binding transcriptional repressor","DNA&#8209;binding transcriptional repressor","ECB_02685","snp_nonsynonymous","nonsynonymous"
"78","LTEE","Ara-5",2000,"REL1168B","B","non-mutator","DEL",3894997,3900623,"","3,894,997","&Delta;5,627&nbsp;bp","IS<i>150</i>&#8209;mediated","rbsD,rbsA,rbsC,rbsB,rbsK,[rbsR]","rbsD–[rbsR]","<i>rbsD</i>&#8211;<i>[rbsR]</i>","rbsD, rbsA, rbsC, rbsB, rbsK, [rbsR]","<i>rbsD, rbsA, rbsC, rbsB, rbsK, [rbsR]</i>","[ECB_03634]–[ECB_03639]","large_deletion","not_snp"
"79","LTEE","Ara-5",2000,"REL1168B","B","non-mutator","SNP",3924002,3924002,"1524","3,924,002","G&rarr;A","<font class=snp_type_synonymous>L508L</font>&nbsp;(CT<font class=mutation_in_codon>G</font>&rarr;CT<font class=mutation_in_codon>A</font>)&nbsp;","rep","rep","<i>rep</i>&nbsp;&rarr;","DNA helicase and single-stranded DNA-dependent ATPase","DNA helicase and single&#8209;stranded DNA&#8209;dependent ATPase","ECB_03656","snp_synonymous","synonymous"
"80","LTEE","Ara-5",2000,"REL1168B","B","non-mutator","SNP",4101100,4101100,"131","4,101,100","A&rarr;T","<font class=snp_type_nonsynonymous>L44Q</font>&nbsp;(C<font class=mutation_in_codon>T</font>G&rarr;C<font class=mutation_in_codon>A</font>G)&nbsp;","hslU","hslU","<i>hslU</i>&nbsp;&larr;","ATP-dependent protease ATP-binding subunit","ATP&#8209;dependent protease ATP&#8209;binding subunit","ECB_03816","snp_nonsynonymous","nonsynonymous"
"81","LTEE","Ara-6",2000,"REL1169A","A","non-mutator","SNP",233921,233921,"intergenic (-116/-125)","233,921","G&rarr;A","intergenic&nbsp;(&#8209;116/&#8209;125)","yafC,yafD","yafC/yafD","<i>yafC</i>&nbsp;&larr;&nbsp;/&nbsp;&rarr;&nbsp;<i>yafD</i>","predicted DNA-binding transcriptional regulator/hypothetical protein","predicted DNA&#8209;binding transcriptional regulator/hypothetical protein","ECB_00201/ECB_00202","snp_intergenic","intergenic"
"82","LTEE","Ara-6",2000,"REL1169A","A","non-mutator","SNP",1733865,1733865,"901","1,733,865","G&rarr;A","<font class=snp_type_nonsynonymous>A301T</font>&nbsp;(<font class=mutation_in_codon>G</font>CC&rarr;<font class=mutation_in_codon>A</font>CC)&nbsp;","pykF","pykF","<i>pykF</i>&nbsp;&rarr;","pyruvate kinase","pyruvate kinase","ECB_01645","snp_nonsynonymous","nonsynonymous"
"83","LTEE","Ara-6",2000,"REL1169A","A","non-mutator","SNP",2484812,2484812,"5","2,484,812","T&rarr;A","<font class=snp_type_nonsynonymous>D2V</font>&nbsp;(G<font class=mutation_in_codon>A</font>T&rarr;G<font class=mutation_in_codon>T</font>T)&nbsp;","eutC","eutC","<i>eutC</i>&nbsp;&larr;","ethanolamine ammonia-lyase small subunit","ethanolamine ammonia&#8209;lyase small subunit","ECB_02340","snp_nonsynonymous","nonsynonymous"
"84","LTEE","Ara-6",2000,"REL1169A","A","non-mutator","SNP",3327004,3327004,"866","3,327,004","G&rarr;T","<font class=snp_type_nonsynonymous>A289D</font>&nbsp;(G<font class=mutation_in_codon>C</font>T&rarr;G<font class=mutation_in_codon>A</font>T)&nbsp;","mreC","mreC","<i>mreC</i>&nbsp;&larr;","cell wall structural complex MreBCD transmembrane component MreC","cell wall structural complex MreBCD transmembrane component MreC","ECB_03109","snp_nonsynonymous","nonsynonymous"
"85","LTEE","Ara-6",2000,"REL1169A","A","non-mutator","DEL",3894997,3901708,"","3,894,997","&Delta;6,712&nbsp;bp","IS<i>150</i>&#8209;mediated","rbsD,rbsA,rbsC,rbsB,rbsK,rbsR,[yieO]","rbsD–[yieO]","<i>rbsD</i>&#8211;<i>[yieO]</i>","rbsD, rbsA, rbsC, rbsB, rbsK, rbsR, [yieO]","<i>rbsD, rbsA, rbsC, rbsB, rbsK, rbsR, [yieO]</i>","[ECB_03634]–[ECB_03640]","large_deletion","not_snp"
"86","LTEE","Ara-6",2000,"REL1169A","A","non-mutator","SNP",4012562,4012562,"1045","4,012,562","T&rarr;G","<font class=snp_type_nonsynonymous>S349A</font>&nbsp;(<font class=mutation_in_codon>T</font>CA&rarr;<font class=mutation_in_codon>G</font>CA)&nbsp;","trkH","trkH","<i>trkH</i>&nbsp;&rarr;","potassium transporter","potassium transporter","ECB_03740","snp_nonsynonymous","nonsynonymous"
"87","LTEE","Ara-6",2000,"REL1169A","A","non-mutator","SNP",4141120,4141120,"193","4,141,120","A&rarr;G","<font class=snp_type_nonsynonymous>T65A</font>&nbsp;(<font class=mutation_in_codon>A</font>CC&rarr;<font class=mutation_in_codon>G</font>CC)&nbsp;","yijC","yijC","<i>yijC</i>&nbsp;&rarr;","DNA-binding transcriptional repressor","DNA&#8209;binding transcriptional repressor","ECB_03848","snp_nonsynonymous","nonsynonymous"
"88","LTEE","Ara-6",2000,"REL1169A","A","non-mutator","SNP",4615842,4615842,"314","4,615,842","A&rarr;T","<font class=snp_type_nonsynonymous>D105V</font>&nbsp;(G<font class=mutation_in_codon>A</font>T&rarr;G<font class=mutation_in_codon>T</font>T)&nbsp;","nadR","nadR","<i>nadR</i>&nbsp;&rarr;","nicotinamide-nucleotide adenylyltransferase","nicotinamide&#8209;nucleotide adenylyltransferase","ECB_04266","snp_nonsynonymous","nonsynonymous"
"89","LTEE","Ara-6",2000,"REL1169B","B","non-mutator","SNP",1733865,1733865,"901","1,733,865","G&rarr;A","<font class=snp_type_nonsynonymous>A301T</font>&nbsp;(<font class=mutation_in_codon>G</font>CC&rarr;<font class=mutation_in_codon>A</font>CC)&nbsp;","pykF","pykF","<i>pykF</i>&nbsp;&rarr;","pyruvate kinase","pyruvate kinase","ECB_01645","snp_nonsynonymous","nonsynonymous"
"90","LTEE","Ara-6",2000,"REL1169B","B","non-mutator","SNP",3017935,3017935,"933","3,017,935","T&rarr;G","<font class=snp_type_nonsynonymous>F311L</font>&nbsp;(TT<font class=mutation_in_codon>T</font>&rarr;TT<font class=mutation_in_codon>G</font>)&nbsp;","ECB_02818","ECB_02818","<i>ECB_02818</i>&nbsp;&rarr;","Capsule polysaccharide export protein KpsC","Capsule polysaccharide export protein KpsC","ECB_02818","snp_nonsynonymous","nonsynonymous"
"91","LTEE","Ara-6",2000,"REL1169B","B","non-mutator","SNP",3327004,3327004,"866","3,327,004","G&rarr;T","<font class=snp_type_nonsynonymous>A289D</font>&nbsp;(G<font class=mutation_in_codon>C</font>T&rarr;G<font class=mutation_in_codon>A</font>T)&nbsp;","mreC","mreC","<i>mreC</i>&nbsp;&larr;","cell wall structural complex MreBCD transmembrane component MreC","cell wall structural complex MreBCD transmembrane component MreC","ECB_03109","snp_nonsynonymous","nonsynonymous"
"92","LTEE","Ara-6",2000,"REL1169B","B","non-mutator","SNP",3613524,3613524,"1548","3,613,524","T&rarr;C","<font class=snp_type_synonymous>G516G</font>&nbsp;(GG<font class=mutation_in_codon>A</font>&rarr;GG<font class=mutation_in_codon>G</font>)&nbsp;","yhjK","yhjK","<i>yhjK</i>&nbsp;&larr;","predicted diguanylate cyclase","predicted diguanylate cyclase","ECB_03377","snp_synonymous","synonymous"
"93","LTEE","Ara-6",2000,"REL1169B","B","non-mutator","DEL",3894997,3901708,"","3,894,997","&Delta;6,712&nbsp;bp","IS<i>150</i>&#8209;mediated","rbsD,rbsA,rbsC,rbsB,rbsK,rbsR,[yieO]","rbsD–[yieO]","<i>rbsD</i>&#8211;<i>[yieO]</i>","rbsD, rbsA, rbsC, rbsB, rbsK, rbsR, [yieO]","<i>rbsD, rbsA, rbsC, rbsB, rbsK, rbsR, [yieO]</i>","[ECB_03634]–[ECB_03640]","large_deletion","not_snp"
"94","LTEE","Ara-6",2000,"REL1169B","B","non-mutator","SNP",4012562,4012562,"1045","4,012,562","T&rarr;G","<font class=snp_type_nonsynonymous>S349A</font>&nbsp;(<font class=mutation_in_codon>T</font>CA&rarr;<font class=mutation_in_codon>G</font>CA)&nbsp;","trkH","trkH","<i>trkH</i>&nbsp;&rarr;","potassium transporter","potassium transporter","ECB_03740","snp_nonsynonymous","nonsynonymous"
"95","LTEE","Ara-6",2000,"REL1169B","B","non-mutator","SNP",4141120,4141120,"193","4,141,120","A&rarr;G","<font class=snp_type_nonsynonymous>T65A</font>&nbsp;(<font class=mutation_in_codon>A</font>CC&rarr;<font class=mutation_in_codon>G</font>CC)&nbsp;","yijC","yijC","<i>yijC</i>&nbsp;&rarr;","DNA-binding transcriptional repressor","DNA&#8209;binding transcriptional repressor","ECB_03848","snp_nonsynonymous","nonsynonymous"
"96","LTEE","Ara-6",2000,"REL1169B","B","non-mutator","SNP",4422009,4422009,"261","4,422,009","T&rarr;G","<font class=snp_type_synonymous>G87G</font>&nbsp;(GG<font class=mutation_in_codon>T</font>&rarr;GG<font class=mutation_in_codon>G</font>)&nbsp;","cysQ","cysQ","<i>cysQ</i>&nbsp;&rarr;","PAPS (adenosine 3'-phosphate 5'-phosphosulfate) 3'(2'),5'-bisphosphate nucleotidase","PAPS (adenosine 3'&#8209;phosphate 5'&#8209;phosphosulfate) 3'(2'),5'&#8209;bisphosphate nucleotidase","ECB_04086","snp_synonymous","synonymous"
"97","LTEE","Ara-6",2000,"REL1169B","B","non-mutator","SNP",4615842,4615842,"314","4,615,842","A&rarr;T","<font class=snp_type_nonsynonymous>D105V</font>&nbsp;(G<font class=mutation_in_codon>A</font>T&rarr;G<font class=mutation_in_codon>T</font>T)&nbsp;","nadR","nadR","<i>nadR</i>&nbsp;&rarr;","nicotinamide-nucleotide adenylyltransferase","nicotinamide&#8209;nucleotide adenylyltransferase","ECB_04266","snp_nonsynonymous","nonsynonymous"
"98","LTEE","Ara+1",2000,"REL1158A","A","non-mutator","AMP",880542,904696,"","880,542","24,155&nbsp;bp&nbsp;x&nbsp;2","duplication","ECB_00814,ECB_00815,ECB_00816,ECB_00817,ECB_00818,ECB_00819,ECB_00820,ECB_00821,ECB_00822,ECB_00823,ECB_00824,ECB_00825,ECB_00826,ECB_00827,ECB_00828,ECB_00829,ECB_00830,ECB_00831,ECB_00832,ECB_00833,ECB_00834,ECB_00835,ECB_00836,ECB_00837,ECB_00838,ECB_00839,ECB_00840,ECB_00841,ECB_00842,ECB_00843,ECB_00844,ECB_00845,ECB_00846,tfaE,ECB_00848,ECB_00849,ECB_00850,ECB_00851","ECB_00814–ECB_00851","<i>ECB_00814</i>&#8211;<i>ECB_00851</i>","<i><b>38 genes</b><BR>ECB_00814, ECB_00815, ECB_00816, ECB_00817, ECB_00818, ECB_00819, ECB_00820, ECB_00821, ECB_00822, ECB_00823, ECB_00824, ECB_00825, ECB_00826, ECB_00827, ECB_00828, ECB_00829, ECB_00830, ECB_00831, ECB_00832, ECB_00833, ECB_00834, ECB_00835, ECB_00836, ECB_00837, ECB_00838, ECB_00839, ECB_00840, ECB_00841, ECB_00842, ECB_00843, ECB_00844, ECB_00845, ECB_00846, tfaE, ECB_00848, ECB_00849, ECB_00850, ECB_00851</i>","<i>ECB_00814, ECB_00815, ECB_00816, ECB_00817, ECB_00818, ECB_00819, ECB_00820, ECB_00821, ECB_00822, ECB_00823, ECB_00824, ECB_00825, ECB_00826, ECB_00827, ECB_00828, ECB_00829, ECB_00830, ECB_00831, ECB_00832, ECB_00833, ECB_00834, ECB_00835, ECB_00836, ECB_00837, ECB_00838, ECB_00839, ECB_00840, ECB_00841, ECB_00842, ECB_00843, ECB_00844, ECB_00845, ECB_00846, tfaE, ECB_00848, ECB_00849, ECB_00850, ECB_00851</i>","[ECB_00814]–[ECB_00851]","large_amplification","not_snp"
"99","LTEE","Ara+1",2000,"REL1158A","A","non-mutator","MOB",1236769,1236771,"coding (621-623/1533 nt)","1,236,769","IS<i>150</i>&nbsp;(+)&nbsp;+3&nbsp;bp","coding&nbsp;(621&#8209;623/1533&nbsp;nt)","ycgB","ycgB","<i>ycgB</i>&nbsp;&larr;","hypothetical protein","hypothetical protein","ECB_01163","mobile_element_insertion","not_snp"
"100","LTEE","Ara+1",2000,"REL1158A","A","non-mutator","SNP",1406224,1406224,"intergenic (+21/-457)","1,406,224","G&rarr;A","intergenic&nbsp;(+21/&#8209;457)","ydaN,dbpA","ydaN/dbpA","<i>ydaN</i>&nbsp;&rarr;&nbsp;/&nbsp;&rarr;&nbsp;<i>dbpA</i>","zinc transporter/ATP-dependent RNA helicase, specific for 23S rRNA","zinc transporter/ATP&#8209;dependent RNA helicase, specific for 23S rRNA","ECB_01319/ECB_01320","snp_intergenic","intergenic"
"101","LTEE","Ara+1",2000,"REL1158A","A","non-mutator","MOB",1462266,1462268,"intergenic (-28/-311)","1,462,266","IS<i>150</i>&nbsp;(+)&nbsp;+3&nbsp;bp","intergenic&nbsp;(&#8209;28/&#8209;311)","mokB,trg","mokB/trg","<i>mokB</i>&nbsp;&larr;&nbsp;/&nbsp;&rarr;&nbsp;<i>trg</i>","regulatory peptide/methyl-accepting chemotaxis protein III, ribose and galactose sensor receptor","regulatory peptide/methyl&#8209;accepting chemotaxis protein III, ribose and galactose sensor receptor","ECB_01377/ECB_01378","mobile_element_insertion","not_snp"
"102","LTEE","Ara+1",2000,"REL1158A","A","non-mutator","SNP",1733865,1733865,"901","1,733,865","G&rarr;T","<font class=snp_type_nonsynonymous>A301S</font>&nbsp;(<font class=mutation_in_codon>G</font>CC&rarr;<font class=mutation_in_codon>T</font>CC)&nbsp;","pykF","pykF","<i>pykF</i>&nbsp;&rarr;","pyruvate kinase","pyruvate kinase","ECB_01645","snp_nonsynonymous","nonsynonymous"
"103","LTEE","Ara+1",2000,"REL1158A","A","non-mutator","SNP",3251604,3251604,"1157","3,251,604","T&rarr;G","<font class=snp_type_nonsynonymous>Y386S</font>&nbsp;(T<font class=mutation_in_codon>A</font>T&rarr;T<font class=mutation_in_codon>C</font>T)&nbsp;","nusA","nusA","<i>nusA</i>&nbsp;&larr;","transcription elongation factor NusA","transcription elongation factor NusA","ECB_03036","snp_nonsynonymous","nonsynonymous"
"104","LTEE","Ara+1",2000,"REL1158A","A","non-mutator","SNP",3761696,3761696,"940","3,761,696","C&rarr;A","<font class=snp_type_nonsynonymous>H314N</font>&nbsp;(<font class=mutation_in_codon>C</font>AC&rarr;<font class=mutation_in_codon>A</font>AC)&nbsp;","spoT","spoT","<i>spoT</i>&nbsp;&rarr;","bifunctional (p)ppGpp synthetase II/ guanosine-3',5'-bis pyrophosphate 3'-pyrophosphohydrolase","bifunctional (p)ppGpp synthetase II/ guanosine&#8209;3',5'&#8209;bis pyrophosphate 3'&#8209;pyrophosphohydrolase","ECB_03507","snp_nonsynonymous","nonsynonymous"
"105","LTEE","Ara+1",2000,"REL1158A","A","non-mutator","DEL",3894997,3901134,"","3,894,997","&Delta;6,138&nbsp;bp","IS<i>150</i>&#8209;mediated","rbsD,rbsA,rbsC,rbsB,rbsK,rbsR,[yieO]","rbsD–[yieO]","<i>rbsD</i>&#8211;<i>[yieO]</i>","rbsD, rbsA, rbsC, rbsB, rbsK, rbsR, [yieO]","<i>rbsD, rbsA, rbsC, rbsB, rbsK, rbsR, [yieO]</i>","[ECB_03634]–[ECB_03640]","large_deletion","not_snp"
"106","LTEE","Ara+1",2000,"REL1158A","A","non-mutator","MOB",4615673,4615676,"coding (145-148/1233 nt)","4,615,673","IS<i>150</i>&nbsp;(+)&nbsp;+4&nbsp;bp","coding&nbsp;(145&#8209;148/1233&nbsp;nt)","nadR","nadR","<i>nadR</i>&nbsp;&rarr;","nicotinamide-nucleotide adenylyltransferase","nicotinamide&#8209;nucleotide adenylyltransferase","ECB_04266","mobile_element_insertion","not_snp"
"107","LTEE","Ara+1",2000,"REL1158C","B","non-mutator","AMP",590472,651706,"","590,472","61,235&nbsp;bp&nbsp;x&nbsp;2","duplication","hokE,insL-3,entD,fepA,fes,ybdZ,entF,fepE,fepC,fepG,fepD,ybdA,fepB,entC,entE,entB,entA,ybdB,cstA,cstA,ybdD,ybdH,ybdL,ybdM,ybdN,insB-8,insA-8,dsbG,ahpC,ahpF,ybdQ,ybdR,rnk,rna,citT,citG,citX,citF,citE,citD,citC,insB-9,insA-9,citA,citB,dcuC,crcA,cspE,ccrB,ybeM,tatE,lipA,ybeF,lipB,ybeD,dacA,rlpA,mrdB,mrdA,ybeA,ybeB","hokE–ybeB","<i>hokE</i>&#8211;<i>ybeB</i>","<i><b>61 genes</b><BR>hokE, insL-3, entD, fepA, fes, ybdZ, entF, fepE, fepC, fepG, fepD, ybdA, fepB, entC, entE, entB, entA, ybdB, cstA, cstA, ybdD, ybdH, ybdL, ybdM, ybdN, insB-8, insA-8, dsbG, ahpC, ahpF, ybdQ, ybdR, rnk, rna, citT, citG, citX, citF, citE, citD, citC, insB-9, insA-9, citA, citB, dcuC, crcA, cspE, ccrB, ybeM, tatE, lipA, ybeF, lipB, ybeD, dacA, rlpA, mrdB, mrdA, ybeA, ybeB</i>","<i>hokE, insL&#8209;3, entD, fepA, fes, ybdZ, entF, fepE, fepC, fepG, fepD, ybdA, fepB, entC, entE, entB, entA, ybdB, cstA, cstA, ybdD, ybdH, ybdL, ybdM, ybdN, insB&#8209;8, insA&#8209;8, dsbG, ahpC, ahpF, ybdQ, ybdR, rnk, rna, citT, citG, citX, citF, citE, citD, citC, insB&#8209;9, insA&#8209;9, citA, citB, dcuC, crcA, cspE, ccrB, ybeM, tatE, lipA, ybeF, lipB, ybeD, dacA, rlpA, mrdB, mrdA, ybeA, ybeB</i>","[ECB_00547]–[ECB_00606]","large_amplification","not_snp"
"108","LTEE","Ara+1",2000,"REL1158C","B","non-mutator","MOB",651703,651706,"intergenic (-83/+174)","651,703","IS<i>150</i>&nbsp;(+)&nbsp;+4&nbsp;bp","intergenic&nbsp;(&#8209;83/+174)","ybeB,phpB","ybeB/phpB","<i>ybeB</i>&nbsp;&larr;&nbsp;/&nbsp;&larr;&nbsp;<i>phpB</i>","hypothetical protein/predicted alpha-ribazole-5'-P phosphatase","hypothetical protein/predicted alpha&#8209;ribazole&#8209;5'&#8209;P phosphatase","ECB_00606/ECB_00607","mobile_element_insertion","not_snp"
"109","LTEE","Ara+1",2000,"REL1158C","B","non-mutator","DEL",664689,666134,"","664,689","&Delta;1,446&nbsp;bp","between&nbsp;IS<i>150</i>","insJ-2,insK-2,[gltL]","insJ-2–[gltL]","<i>insJ&#8209;2</i>&#8211;<i>[gltL]</i>","insJ-2, insK-2, [gltL]","<i>insJ&#8209;2, insK&#8209;2, [gltL]</i>","[ECB_00619]–[ECB_00618]","large_deletion","not_snp"
"110","LTEE","Ara+1",2000,"REL1158C","B","non-mutator","MOB",1462266,1462268,"intergenic (-28/-311)","1,462,266","IS<i>150</i>&nbsp;(+)&nbsp;+3&nbsp;bp","intergenic&nbsp;(&#8209;28/&#8209;311)","mokB,trg","mokB/trg","<i>mokB</i>&nbsp;&larr;&nbsp;/&nbsp;&rarr;&nbsp;<i>trg</i>","regulatory peptide/methyl-accepting chemotaxis protein III, ribose and galactose sensor receptor","regulatory peptide/methyl&#8209;accepting chemotaxis protein III, ribose and galactose sensor receptor","ECB_01377/ECB_01378","mobile_element_insertion","not_snp"
"111","LTEE","Ara+1",2000,"REL1158C","B","non-mutator","SNP",1733865,1733865,"901","1,733,865","G&rarr;T","<font class=snp_type_nonsynonymous>A301S</font>&nbsp;(<font class=mutation_in_codon>G</font>CC&rarr;<font class=mutation_in_codon>T</font>CC)&nbsp;","pykF","pykF","<i>pykF</i>&nbsp;&rarr;","pyruvate kinase","pyruvate kinase","ECB_01645","snp_nonsynonymous","nonsynonymous"
"112","LTEE","Ara+1",2000,"REL1158C","B","non-mutator","INS",3102723,3102723,"intergenic (-7/+198)","3,102,723","(C)<sub>5&rarr;6</sub>","intergenic&nbsp;(&#8209;7/+198)","ygiU,ygiV","ygiU/ygiV","<i>ygiU</i>&nbsp;&larr;&nbsp;/&nbsp;&larr;&nbsp;<i>ygiV</i>","predicted cyanide hydratase/predicted transcriptional regulator","predicted cyanide hydratase/predicted transcriptional regulator","ECB_02894/ECB_02895","small_indel","not_snp"
"113","LTEE","Ara+1",2000,"REL1158C","B","non-mutator","SNP",3440702,3440702,"325","3,440,702","C&rarr;A","<font class=snp_type_nonsynonymous>A109S</font>&nbsp;(<font class=mutation_in_codon>G</font>CC&rarr;<font class=mutation_in_codon>T</font>CC)&nbsp;","yhfZ","yhfZ","<i>yhfZ</i>&nbsp;&larr;","hypothetical protein","hypothetical protein","ECB_03235","snp_nonsynonymous","nonsynonymous"
"114","LTEE","Ara+1",2000,"REL1158C","B","non-mutator","DEL",3894997,3901134,"","3,894,997","&Delta;6,138&nbsp;bp","IS<i>150</i>&#8209;mediated","rbsD,rbsA,rbsC,rbsB,rbsK,rbsR,[yieO]","rbsD–[yieO]","<i>rbsD</i>&#8211;<i>[yieO]</i>","rbsD, rbsA, rbsC, rbsB, rbsK, rbsR, [yieO]","<i>rbsD, rbsA, rbsC, rbsB, rbsK, rbsR, [yieO]</i>","[ECB_03634]–[ECB_03640]","large_deletion","not_snp"
"115","LTEE","Ara+1",2000,"REL1158C","B","non-mutator","MOB",4615673,4615676,"coding (145-148/1233 nt)","4,615,673","IS<i>150</i>&nbsp;(+)&nbsp;+4&nbsp;bp","coding&nbsp;(145&#8209;148/1233&nbsp;nt)","nadR","nadR","<i>nadR</i>&nbsp;&rarr;","nicotinamide-nucleotide adenylyltransferase","nicotinamide&#8209;nucleotide adenylyltransferase","ECB_04266","mobile_element_insertion","not_snp"
"116","LTEE","Ara+2",2000,"REL1159A","A","non-mutator","SNP",1734106,1734106,"1142","1,734,106","G&rarr;C","<font class=snp_type_nonsynonymous>G381A</font>&nbsp;(G<font class=mutation_in_codon>G</font>T&rarr;G<font class=mutation_in_codon>C</font>T)&nbsp;","pykF","pykF","<i>pykF</i>&nbsp;&rarr;","pyruvate kinase","pyruvate kinase","ECB_01645","snp_nonsynonymous","nonsynonymous"
"117","LTEE","Ara+2",2000,"REL1159A","A","non-mutator","MOB",2048103,2048111,"coding (1017-1025/1395 nt)","2,048,103","IS<i>1</i>&nbsp;(+)&nbsp;+9&nbsp;bp","coding&nbsp;(1017&#8209;1025/1395&nbsp;nt)","wcaM","wcaM","<i>wcaM</i>&nbsp;&larr;","predicted colanic acid biosynthesis protein","predicted colanic acid biosynthesis protein","ECB_01949","mobile_element_insertion","not_snp"
"118","LTEE","Ara+2",2000,"REL1159A","A","non-mutator","SNP",3250993,3250993,"256","3,250,993","G&rarr;A","<font class=snp_type_nonsynonymous>R86C</font>&nbsp;(<font class=mutation_in_codon>C</font>GC&rarr;<font class=mutation_in_codon>T</font>GC)&nbsp;","infB","infB","<i>infB</i>&nbsp;&larr;","translation initiation factor IF-2","translation initiation factor IF&#8209;2","ECB_03035","snp_nonsynonymous","nonsynonymous"
"119","LTEE","Ara+2",2000,"REL1159A","A","non-mutator","SNP",3475057,3475057,"intergenic (+193/-168)","3,475,057","C&rarr;T","intergenic&nbsp;(+193/&#8209;168)","yhgI,gntT","yhgI/gntT","<i>yhgI</i>&nbsp;&rarr;&nbsp;/&nbsp;&rarr;&nbsp;<i>gntT</i>","predicted gluconate transport associated protein/gluconate transporter, high-affinity GNT I system","predicted gluconate transport associated protein/gluconate transporter, high&#8209;affinity GNT I system","ECB_03266/ECB_03267","snp_intergenic","intergenic"
"120","LTEE","Ara+2",2000,"REL1159A","A","non-mutator","SNP",3568944,3568944,"614","3,568,944","A&rarr;C","<font class=snp_type_nonsynonymous>K205T</font>&nbsp;(A<font class=mutation_in_codon>A</font>G&rarr;A<font class=mutation_in_codon>C</font>G)&nbsp;","pitA","pitA","<i>pitA</i>&nbsp;&rarr;","phosphate transporter, low-affinity","phosphate transporter, low&#8209;affinity","ECB_03342","snp_nonsynonymous","nonsynonymous"
"121","LTEE","Ara+2",2000,"REL1159A","A","non-mutator","SNP",3762480,3762480,"1724","3,762,480","G&rarr;T","<font class=snp_type_nonsynonymous>R575L</font>&nbsp;(C<font class=mutation_in_codon>G</font>C&rarr;C<font class=mutation_in_codon>T</font>C)&nbsp;","spoT","spoT","<i>spoT</i>&nbsp;&rarr;","bifunctional (p)ppGpp synthetase II/ guanosine-3',5'-bis pyrophosphate 3'-pyrophosphohydrolase","bifunctional (p)ppGpp synthetase II/ guanosine&#8209;3',5'&#8209;bis pyrophosphate 3'&#8209;pyrophosphohydrolase","ECB_03507","snp_nonsynonymous","nonsynonymous"
"122","LTEE","Ara+2",2000,"REL1159A","A","non-mutator","DEL",3894997,3898533,"","3,894,997","&Delta;3,537&nbsp;bp","IS<i>150</i>&#8209;mediated","rbsD,rbsA,rbsC,[rbsB]","rbsD–[rbsB]","<i>rbsD</i>&#8211;<i>[rbsB]</i>","rbsD, rbsA, rbsC, [rbsB]","<i>rbsD, rbsA, rbsC, [rbsB]</i>","[ECB_03634]–[ECB_03637]","large_deletion","not_snp"
"123","LTEE","Ara+2",2000,"REL1159A","A","non-mutator","SNP",3982009,3982009,"24","3,982,009","C&rarr;T","<font class=snp_type_synonymous>L8L</font>&nbsp;(CT<font class=mutation_in_codon>G</font>&rarr;CT<font class=mutation_in_codon>A</font>)&nbsp;","ECB_03710","ECB_03710","<i>ECB_03710</i>&nbsp;&larr;","putative permease","putative permease","ECB_03710","snp_synonymous","synonymous"
"124","LTEE","Ara+2",2000,"REL1159B","B","non-mutator","SNP",1734106,1734106,"1142","1,734,106","G&rarr;C","<font class=snp_type_nonsynonymous>G381A</font>&nbsp;(G<font class=mutation_in_codon>G</font>T&rarr;G<font class=mutation_in_codon>C</font>T)&nbsp;","pykF","pykF","<i>pykF</i>&nbsp;&rarr;","pyruvate kinase","pyruvate kinase","ECB_01645","snp_nonsynonymous","nonsynonymous"
"125","LTEE","Ara+2",2000,"REL1159B","B","non-mutator","MOB",2048103,2048111,"coding (1017-1025/1395 nt)","2,048,103","IS<i>1</i>&nbsp;(+)&nbsp;+9&nbsp;bp","coding&nbsp;(1017&#8209;1025/1395&nbsp;nt)","wcaM","wcaM","<i>wcaM</i>&nbsp;&larr;","predicted colanic acid biosynthesis protein","predicted colanic acid biosynthesis protein","ECB_01949","mobile_element_insertion","not_snp"
"126","LTEE","Ara+2",2000,"REL1159B","B","non-mutator","MOB",2122426,2122428,"coding (198-200/216 nt)","2,122,426","IS<i>150</i>&nbsp;(&#8211;)&nbsp;+3&nbsp;bp","coding&nbsp;(198&#8209;200/216&nbsp;nt)","ECB_02013","ECB_02013","<i>ECB_02013</i>&nbsp;&larr;","conserved hypothetical protein; putative exported protein","conserved hypothetical protein; putative exported protein","ECB_02013","mobile_element_insertion","not_snp"
"127","LTEE","Ara+2",2000,"REL1159B","B","non-mutator","MOB",2448493,2448498,"intergenic (+24/+21)","2,448,493","IS<i>186</i>&nbsp;(&#8211;)&nbsp;+6&nbsp;bp","intergenic&nbsp;(+24/+21)","nupC,yfeA","nupC/yfeA","<i>nupC</i>&nbsp;&rarr;&nbsp;/&nbsp;&larr;&nbsp;<i>yfeA</i>","nucleoside (except guanosine) transporter/predicted diguanylate cyclase","nucleoside (except guanosine) transporter/predicted diguanylate cyclase","ECB_02302/ECB_02303","mobile_element_insertion","not_snp"
"128","LTEE","Ara+2",2000,"REL1159B","B","non-mutator","SNP",3250993,3250993,"256","3,250,993","G&rarr;A","<font class=snp_type_nonsynonymous>R86C</font>&nbsp;(<font class=mutation_in_codon>C</font>GC&rarr;<font class=mutation_in_codon>T</font>GC)&nbsp;","infB","infB","<i>infB</i>&nbsp;&larr;","translation initiation factor IF-2","translation initiation factor IF&#8209;2","ECB_03035","snp_nonsynonymous","nonsynonymous"
"129","LTEE","Ara+2",2000,"REL1159B","B","non-mutator","SNP",3568944,3568944,"614","3,568,944","A&rarr;C","<font class=snp_type_nonsynonymous>K205T</font>&nbsp;(A<font class=mutation_in_codon>A</font>G&rarr;A<font class=mutation_in_codon>C</font>G)&nbsp;","pitA","pitA","<i>pitA</i>&nbsp;&rarr;","phosphate transporter, low-affinity","phosphate transporter, low&#8209;affinity","ECB_03342","snp_nonsynonymous","nonsynonymous"
"130","LTEE","Ara+2",2000,"REL1159B","B","non-mutator","SNP",3762480,3762480,"1724","3,762,480","G&rarr;T","<font class=snp_type_nonsynonymous>R575L</font>&nbsp;(C<font class=mutation_in_codon>G</font>C&rarr;C<font class=mutation_in_codon>T</font>C)&nbsp;","spoT","spoT","<i>spoT</i>&nbsp;&rarr;","bifunctional (p)ppGpp synthetase II/ guanosine-3',5'-bis pyrophosphate 3'-pyrophosphohydrolase","bifunctional (p)ppGpp synthetase II/ guanosine&#8209;3',5'&#8209;bis pyrophosphate 3'&#8209;pyrophosphohydrolase","ECB_03507","snp_nonsynonymous","nonsynonymous"
"131","LTEE","Ara+2",2000,"REL1159B","B","non-mutator","DEL",3894997,3898533,"","3,894,997","&Delta;3,537&nbsp;bp","IS<i>150</i>&#8209;mediated","rbsD,rbsA,rbsC,[rbsB]","rbsD–[rbsB]","<i>rbsD</i>&#8211;<i>[rbsB]</i>","rbsD, rbsA, rbsC, [rbsB]","<i>rbsD, rbsA, rbsC, [rbsB]</i>","[ECB_03634]–[ECB_03637]","large_deletion","not_snp"
"132","LTEE","Ara+2",2000,"REL1159B","B","non-mutator","SNP",3982009,3982009,"24","3,982,009","C&rarr;T","<font class=snp_type_synonymous>L8L</font>&nbsp;(CT<font class=mutation_in_codon>G</font>&rarr;CT<font class=mutation_in_codon>A</font>)&nbsp;","ECB_03710","ECB_03710","<i>ECB_03710</i>&nbsp;&larr;","putative permease","putative permease","ECB_03710","snp_synonymous","synonymous"
"133","LTEE","Ara+3",2000,"REL1160A","A","non-mutator","SNP",13813,13813,"1653","13,813","A&rarr;C","<font class=snp_type_nonsynonymous>E551D</font>&nbsp;(GA<font class=mutation_in_codon>A</font>&rarr;GA<font class=mutation_in_codon>C</font>)&nbsp;","dnaK","dnaK","<i>dnaK</i>&nbsp;&rarr;","molecular chaperone DnaK","molecular chaperone DnaK","ECB_00014","snp_nonsynonymous","nonsynonymous"
"134","LTEE","Ara+3",2000,"REL1160A","A","non-mutator","SNP",94824,94824,"608","94,824","A&rarr;C","<font class=snp_type_nonsynonymous>Q203P</font>&nbsp;(C<font class=mutation_in_codon>A</font>G&rarr;C<font class=mutation_in_codon>C</font>G)&nbsp;","ftsI","ftsI","<i>ftsI</i>&nbsp;&rarr;","transpeptidase involved in septal peptidoglycan synthesis (penicillin-binding protein 3)","transpeptidase involved in septal peptidoglycan synthesis (penicillin&#8209;binding protein 3)","ECB_00085","snp_nonsynonymous","nonsynonymous"
"135","LTEE","Ara+3",2000,"REL1160A","A","non-mutator","DEL",474383,474391,"coding (915-923/1677 nt)","474,383","&Delta;9&nbsp;bp","coding&nbsp;(915&#8209;923/1677&nbsp;nt)","ybaL","ybaL","<i>ybaL</i>&nbsp;&larr;","predicted transporter with NAD(P)-binding Rossmann-fold domain","predicted transporter with NAD(P)&#8209;binding Rossmann&#8209;fold domain","ECB_00429","small_indel","not_snp"
"136","LTEE","Ara+3",2000,"REL1160A","A","non-mutator","SNP",1733173,1733173,"209","1,733,173","C&rarr;A","<font class=snp_type_nonsynonymous>P70Q</font>&nbsp;(C<font class=mutation_in_codon>C</font>G&rarr;C<font class=mutation_in_codon>A</font>G)&nbsp;","pykF","pykF","<i>pykF</i>&nbsp;&rarr;","pyruvate kinase","pyruvate kinase","ECB_01645","snp_nonsynonymous","nonsynonymous"
"137","LTEE","Ara+3",2000,"REL1160A","A","non-mutator","MOB",2693060,2693072,"coding (177-189/405 nt)","2,693,060","IS<i>4</i>&nbsp;(&#8211;)&nbsp;+13&nbsp;bp","coding&nbsp;(177&#8209;189/405&nbsp;nt)","stpA","stpA","<i>stpA</i>&nbsp;&larr;","DNA binding protein, nucleoid-associated","DNA binding protein, nucleoid&#8209;associated","ECB_02525","mobile_element_insertion","not_snp"
"138","LTEE","Ara+3",2000,"REL1160A","A","non-mutator","SNP",3327572,3327572,"298","3,327,572","C&rarr;T","<font class=snp_type_nonsynonymous>E100K</font>&nbsp;(<font class=mutation_in_codon>G</font>AG&rarr;<font class=mutation_in_codon>A</font>AG)&nbsp;","mreC","mreC","<i>mreC</i>&nbsp;&larr;","cell wall structural complex MreBCD transmembrane component MreC","cell wall structural complex MreBCD transmembrane component MreC","ECB_03109","snp_nonsynonymous","nonsynonymous"
"139","LTEE","Ara+3",2000,"REL1160A","A","non-mutator","DEL",3894997,3900687,"","3,894,997","&Delta;5,691&nbsp;bp","IS<i>150</i>&#8209;mediated","rbsD,rbsA,rbsC,rbsB,rbsK,[rbsR]","rbsD–[rbsR]","<i>rbsD</i>&#8211;<i>[rbsR]</i>","rbsD, rbsA, rbsC, rbsB, rbsK, [rbsR]","<i>rbsD, rbsA, rbsC, rbsB, rbsK, [rbsR]</i>","[ECB_03634]–[ECB_03639]","large_deletion","not_snp"
"140","LTEE","Ara+3",2000,"REL1160A","A","non-mutator","MOB",4517778,4517781,"intergenic (-46/+16)","4,517,778","IS<i>150</i>&nbsp;(+)&nbsp;+4&nbsp;bp","intergenic&nbsp;(&#8209;46/+16)","yjhS,yjhT","yjhS/yjhT","<i>yjhS</i>&nbsp;&larr;&nbsp;/&nbsp;&larr;&nbsp;<i>yjhT</i>","hypothetical protein/hypothetical protein","hypothetical protein/hypothetical protein","ECB_04176/ECB_04177","mobile_element_insertion","not_snp"
"141","LTEE","Ara+3",2000,"REL1160B","B","non-mutator","SNP",88115,88115,"944","88,115","A&rarr;C","<font class=snp_type_nonsynonymous>*315S</font>&nbsp;(T<font class=mutation_in_codon>A</font>A&rarr;T<font class=mutation_in_codon>C</font>A)&nbsp;","leuO","leuO","<i>leuO</i>&nbsp;&rarr;","leucine transcriptional activator","leucine transcriptional activator","ECB_00078","snp_nonsynonymous","nonsynonymous"
"142","LTEE","Ara+3",2000,"REL1160B","B","non-mutator","MOB",241691,241693,"coding (186-188/504 nt)","241,691","IS<i>150</i>&nbsp;(&#8211;)&nbsp;+3&nbsp;bp","coding&nbsp;(186&#8209;188/504&nbsp;nt)","insB-2","insB-2","<i>insB&#8209;2</i>&nbsp;&rarr;","IS1 protein InsB","IS1 protein InsB","ECB_00211","mobile_element_insertion","not_snp"
"143","LTEE","Ara+3",2000,"REL1160B","B","non-mutator","DEL",474383,474391,"coding (915-923/1677 nt)","474,383","&Delta;9&nbsp;bp","coding&nbsp;(915&#8209;923/1677&nbsp;nt)","ybaL","ybaL","<i>ybaL</i>&nbsp;&larr;","predicted transporter with NAD(P)-binding Rossmann-fold domain","predicted transporter with NAD(P)&#8209;binding Rossmann&#8209;fold domain","ECB_00429","small_indel","not_snp"
"144","LTEE","Ara+3",2000,"REL1160B","B","non-mutator","DEL",787879,799968,"","787,879","&Delta;12,090&nbsp;bp","","ECB_00726,ECB_00727,ECB_00728,ECB_00729,ECB_00730,ECB_00731,ECB_00732,ECB_00733,ECB_00734,ECB_00735,ECB_00736,ECB_00737,ECB_00738,ECB_00739","ECB_00726–ECB_00739","<i>ECB_00726</i>&#8211;<i>ECB_00739</i>","ECB_00726, ECB_00727, ECB_00728, ECB_00729, ECB_00730, ECB_00731, ECB_00732, ECB_00733, ECB_00734, ECB_00735, ECB_00736, ECB_00737, ECB_00738, ECB_00739","<i>ECB_00726, ECB_00727, ECB_00728, ECB_00729, ECB_00730, ECB_00731, ECB_00732, ECB_00733, ECB_00734, ECB_00735, ECB_00736, ECB_00737, ECB_00738, ECB_00739</i>","[ECB_00726]–[ECB_00739]","large_deletion","not_snp"
"145","LTEE","Ara+3",2000,"REL1160B","B","non-mutator","SNP",1733173,1733173,"209","1,733,173","C&rarr;A","<font class=snp_type_nonsynonymous>P70Q</font>&nbsp;(C<font class=mutation_in_codon>C</font>G&rarr;C<font class=mutation_in_codon>A</font>G)&nbsp;","pykF","pykF","<i>pykF</i>&nbsp;&rarr;","pyruvate kinase","pyruvate kinase","ECB_01645","snp_nonsynonymous","nonsynonymous"
"146","LTEE","Ara+3",2000,"REL1160B","B","non-mutator","MOB",2020131,2020133,"intergenic (+83/-61)","2,020,131","IS<i>150</i>&nbsp;(+)&nbsp;+3&nbsp;bp","intergenic&nbsp;(+83/&#8209;61)","hisL,hisG","hisL/hisG","<i>hisL</i>&nbsp;&rarr;&nbsp;/&nbsp;&rarr;&nbsp;<i>hisG</i>","his operon leader peptide/ATP phosphoribosyltransferase","his operon leader peptide/ATP phosphoribosyltransferase","ECB_01920/ECB_01921","mobile_element_insertion","not_snp"
"147","LTEE","Ara+3",2000,"REL1160B","B","non-mutator","SNP",3327572,3327572,"298","3,327,572","C&rarr;T","<font class=snp_type_nonsynonymous>E100K</font>&nbsp;(<font class=mutation_in_codon>G</font>AG&rarr;<font class=mutation_in_codon>A</font>AG)&nbsp;","mreC","mreC","<i>mreC</i>&nbsp;&larr;","cell wall structural complex MreBCD transmembrane component MreC","cell wall structural complex MreBCD transmembrane component MreC","ECB_03109","snp_nonsynonymous","nonsynonymous"
"148","LTEE","Ara+3",2000,"REL1160B","B","non-mutator","DEL",3652534,3652548,"intergenic (+27/+238)","3,652,534","&Delta;15&nbsp;bp","intergenic&nbsp;(+27/+238)","insK-4,glyS","insK-4/glyS","<i>insK&#8209;4</i>&nbsp;&rarr;&nbsp;/&nbsp;&larr;&nbsp;<i>glyS</i>","IS150 putative transposase/glycyl-tRNA synthetase subunit beta","IS150 putative transposase/glycyl&#8209;tRNA synthetase subunit beta","ECB_03409/ECB_03410","small_indel","not_snp"
"149","LTEE","Ara+3",2000,"REL1160B","B","non-mutator","SNP",3762713,3762713,"1957","3,762,713","A&rarr;C","<font class=snp_type_nonsynonymous>N653H</font>&nbsp;(<font class=mutation_in_codon>A</font>AT&rarr;<font class=mutation_in_codon>C</font>AT)&nbsp;","spoT","spoT","<i>spoT</i>&nbsp;&rarr;","bifunctional (p)ppGpp synthetase II/ guanosine-3',5'-bis pyrophosphate 3'-pyrophosphohydrolase","bifunctional (p)ppGpp synthetase II/ guanosine&#8209;3',5'&#8209;bis pyrophosphate 3'&#8209;pyrophosphohydrolase","ECB_03507","snp_nonsynonymous","nonsynonymous"
"150","LTEE","Ara+3",2000,"REL1160B","B","non-mutator","DEL",3894997,3901410,"","3,894,997","&Delta;6,414&nbsp;bp","IS<i>150</i>&#8209;mediated","rbsD,rbsA,rbsC,rbsB,rbsK,rbsR,[yieO]","rbsD–[yieO]","<i>rbsD</i>&#8211;<i>[yieO]</i>","rbsD, rbsA, rbsC, rbsB, rbsK, rbsR, [yieO]","<i>rbsD, rbsA, rbsC, rbsB, rbsK, rbsR, [yieO]</i>","[ECB_03634]–[ECB_03640]","large_deletion","not_snp"
"151","LTEE","Ara+4",2000,"REL1161A","A","non-mutator","SNP",650038,650038,"764","650,038","T&rarr;A","<font class=snp_type_nonsynonymous>D255V</font>&nbsp;(G<font class=mutation_in_codon>A</font>T&rarr;G<font class=mutation_in_codon>T</font>T)&nbsp;","mrdA","mrdA","<i>mrdA</i>&nbsp;&larr;","transpeptidase involved in peptidoglycan synthesis (penicillin-binding protein 2)","transpeptidase involved in peptidoglycan synthesis (penicillin&#8209;binding protein 2)","ECB_00604","snp_nonsynonymous","nonsynonymous"
"152","LTEE","Ara+4",2000,"REL1161A","A","non-mutator","SNP",1499580,1499580,"1497","1,499,580","C&rarr;T","<font class=snp_type_synonymous>V499V</font>&nbsp;(GT<font class=mutation_in_codon>C</font>&rarr;GT<font class=mutation_in_codon>T</font>)&nbsp;","ECB_01413","ECB_01413","<i>ECB_01413</i>&nbsp;&rarr;","conserved hypothetical protein","conserved hypothetical protein","ECB_01413","snp_synonymous","synonymous"
"153","LTEE","Ara+4",2000,"REL1161A","A","non-mutator","DEL",1733447,1733447,"coding (483/1413 nt)","1,733,447","&Delta;1&nbsp;bp","coding&nbsp;(483/1413&nbsp;nt)","pykF","pykF","<i>pykF</i>&nbsp;&rarr;","pyruvate kinase","pyruvate kinase","ECB_01645","small_indel","not_snp"
"154","LTEE","Ara+4",2000,"REL1161A","A","non-mutator","SNP",3761382,3761382,"626","3,761,382","G&rarr;A","<font class=snp_type_nonsynonymous>R209H</font>&nbsp;(C<font class=mutation_in_codon>G</font>T&rarr;C<font class=mutation_in_codon>A</font>T)&nbsp;","spoT","spoT","<i>spoT</i>&nbsp;&rarr;","bifunctional (p)ppGpp synthetase II/ guanosine-3',5'-bis pyrophosphate 3'-pyrophosphohydrolase","bifunctional (p)ppGpp synthetase II/ guanosine&#8209;3',5'&#8209;bis pyrophosphate 3'&#8209;pyrophosphohydrolase","ECB_03507","snp_nonsynonymous","nonsynonymous"
"155","LTEE","Ara+4",2000,"REL1161A","A","non-mutator","DEL",3894997,3898943,"","3,894,997","&Delta;3,947&nbsp;bp","IS<i>150</i>&#8209;mediated","rbsD,rbsA,rbsC,[rbsB]","rbsD–[rbsB]","<i>rbsD</i>&#8211;<i>[rbsB]</i>","rbsD, rbsA, rbsC, [rbsB]","<i>rbsD, rbsA, rbsC, [rbsB]</i>","[ECB_03634]–[ECB_03637]","large_deletion","not_snp"
"156","LTEE","Ara+4",2000,"REL1161A","A","non-mutator","SNP",4202408,4202408,"152","4,202,408","T&rarr;G","<font class=snp_type_nonsynonymous>Q51P</font>&nbsp;(C<font class=mutation_in_codon>A</font>A&rarr;C<font class=mutation_in_codon>C</font>A)&nbsp;","iclR","iclR","<i>iclR</i>&nbsp;&larr;","DNA-binding transcriptional repressor","DNA&#8209;binding transcriptional repressor","ECB_03890","snp_nonsynonymous","nonsynonymous"
"157","LTEE","Ara+4",2000,"REL1161B","B","non-mutator","SNP",1734162,1734162,"1198","1,734,162","A&rarr;G","<font class=snp_type_nonsynonymous>T400A</font>&nbsp;(<font class=mutation_in_codon>A</font>CC&rarr;<font class=mutation_in_codon>G</font>CC)&nbsp;","pykF","pykF","<i>pykF</i>&nbsp;&rarr;","pyruvate kinase","pyruvate kinase","ECB_01645","snp_nonsynonymous","nonsynonymous"
"158","LTEE","Ara+4",2000,"REL1161B","B","non-mutator","INS",2103918,2103918,"coding (185/216 nt)","2,103,918","(CCAG)<sub>7&rarr;9</sub>","coding&nbsp;(185/216&nbsp;nt)","ECB_01992","ECB_01992","<i>ECB_01992</i>&nbsp;&rarr;","hypothetical protein","hypothetical protein","ECB_01992","small_indel","not_snp"
"159","LTEE","Ara+4",2000,"REL1161B","B","non-mutator","INS",2266812,2266812,"coding (70/1827 nt)","2,266,812","(CAATCCTGATGG)<sub>1&rarr;2</sub>","coding&nbsp;(70/1827&nbsp;nt)","atoS","atoS","<i>atoS</i>&nbsp;&rarr;","sensory histidine kinase in two-component regulatory system with AtoC","sensory histidine kinase in two&#8209;component regulatory system with AtoC","ECB_02146","small_indel","not_snp"
"160","LTEE","Ara+4",2000,"REL1161B","B","non-mutator","SNP",2801721,2801721,"859","2,801,721","G&rarr;A","<font class=snp_type_nonsense>Q287*</font>&nbsp;(<font class=mutation_in_codon>C</font>AG&rarr;<font class=mutation_in_codon>T</font>AG)&nbsp;","relA","relA","<i>relA</i>&nbsp;&larr;","(p)ppGpp synthetase I/GTP pyrophosphokinase","(p)ppGpp synthetase I/GTP pyrophosphokinase","ECB_02629","snp_nonsense","nonsense"
"161","LTEE","Ara+4",2000,"REL1161B","B","non-mutator","SNP",3297814,3297814,"435","3,297,814","G&rarr;A","<font class=snp_type_synonymous>T145T</font>&nbsp;(AC<font class=mutation_in_codon>C</font>&rarr;AC<font class=mutation_in_codon>T</font>)&nbsp;","nanK","nanK","<i>nanK</i>&nbsp;&larr;","N-acetylmannosamine kinase","N&#8209;acetylmannosamine kinase","ECB_03082","snp_synonymous","synonymous"
"162","LTEE","Ara+4",2000,"REL1161B","B","non-mutator","DEL",3894997,3901105,"","3,894,997","&Delta;6,109&nbsp;bp","IS<i>150</i>&#8209;mediated","rbsD,rbsA,rbsC,rbsB,rbsK,rbsR,[yieO]","rbsD–[yieO]","<i>rbsD</i>&#8211;<i>[yieO]</i>","rbsD, rbsA, rbsC, rbsB, rbsK, rbsR, [yieO]","<i>rbsD, rbsA, rbsC, rbsB, rbsK, rbsR, [yieO]</i>","[ECB_03634]–[ECB_03640]","large_deletion","not_snp"
"163","LTEE","Ara+4",2000,"REL1161B","B","non-mutator","MOB",4615675,4615677,"coding (147-149/1233 nt)","4,615,675","IS<i>150</i>&nbsp;(+)&nbsp;+3&nbsp;bp","coding&nbsp;(147&#8209;149/1233&nbsp;nt)","nadR","nadR","<i>nadR</i>&nbsp;&rarr;","nicotinamide-nucleotide adenylyltransferase","nicotinamide&#8209;nucleotide adenylyltransferase","ECB_04266","mobile_element_insertion","not_snp"
"164","LTEE","Ara+5",2000,"REL1162A","A","non-mutator","MOB",499183,499191,"coding (3756-3764/4281 nt)","499,183","IS<i>1</i>&nbsp;(&#8211;)&nbsp;+9&nbsp;bp","coding&nbsp;(3756&#8209;3764/4281&nbsp;nt)","rhsD","rhsD","<i>rhsD</i>&nbsp;&rarr;","rhsD element protein","rhsD element protein","ECB_00448","mobile_element_insertion","not_snp"
"165","LTEE","Ara+5",2000,"REL1162A","A","non-mutator","INS",877462,877462,"intergenic (+5/+36)","877,462","(A)<sub>7&rarr;8</sub>","intergenic&nbsp;(+5/+36)","cmr,ybjH","cmr/ybjH","<i>cmr</i>&nbsp;&rarr;&nbsp;/&nbsp;&larr;&nbsp;<i>ybjH</i>","multidrug efflux system protein/hypothetical protein","multidrug efflux system protein/hypothetical protein","ECB_00809/ECB_00810","small_indel","not_snp"
"166","LTEE","Ara+5",2000,"REL1162A","A","non-mutator","SNP",1351696,1351696,"302","1,351,696","C&rarr;T","<font class=snp_type_nonsynonymous>C101Y</font>&nbsp;(T<font class=mutation_in_codon>G</font>T&rarr;T<font class=mutation_in_codon>A</font>T)&nbsp;","sapD","sapD","<i>sapD</i>&nbsp;&larr;","predicted antimicrobial peptide transporter subunit","predicted antimicrobial peptide transporter subunit","ECB_01268","snp_nonsynonymous","nonsynonymous"
"167","LTEE","Ara+5",2000,"REL1162A","A","non-mutator","SNP",1734102,1734102,"1138","1,734,102","G&rarr;A","<font class=snp_type_nonsynonymous>G380S</font>&nbsp;(<font class=mutation_in_codon>G</font>GC&rarr;<font class=mutation_in_codon>A</font>GC)&nbsp;","pykF","pykF","<i>pykF</i>&nbsp;&rarr;","pyruvate kinase","pyruvate kinase","ECB_01645","snp_nonsynonymous","nonsynonymous"
"168","LTEE","Ara+5",2000,"REL1162A","A","non-mutator","SNP",3328402,3328402,"577","3,328,402","G&rarr;A","<font class=snp_type_nonsynonymous>R193C</font>&nbsp;(<font class=mutation_in_codon>C</font>GT&rarr;<font class=mutation_in_codon>T</font>GT)&nbsp;","mreB","mreB","<i>mreB</i>&nbsp;&larr;","cell wall structural complex MreBCD, actin-like component MreB","cell wall structural complex MreBCD, actin&#8209;like component MreB","ECB_03110","snp_nonsynonymous","nonsynonymous"
"169","LTEE","Ara+5",2000,"REL1162A","A","non-mutator","DEL",3894997,3900107,"","3,894,997","&Delta;5,111&nbsp;bp","IS<i>150</i>&#8209;mediated","rbsD,rbsA,rbsC,rbsB,rbsK,[rbsR]","rbsD–[rbsR]","<i>rbsD</i>&#8211;<i>[rbsR]</i>","rbsD, rbsA, rbsC, rbsB, rbsK, [rbsR]","<i>rbsD, rbsA, rbsC, rbsB, rbsK, [rbsR]</i>","[ECB_03634]–[ECB_03639]","large_deletion","not_snp"
"170","LTEE","Ara+5",2000,"REL1162A","A","non-mutator","SNP",4012725,4012725,"1208","4,012,725","C&rarr;T","<font class=snp_type_nonsynonymous>A403V</font>&nbsp;(G<font class=mutation_in_codon>C</font>C&rarr;G<font class=mutation_in_codon>T</font>C)&nbsp;","trkH","trkH","<i>trkH</i>&nbsp;&rarr;","potassium transporter","potassium transporter","ECB_03740","snp_nonsynonymous","nonsynonymous"
"171","LTEE","Ara+5",2000,"REL1162B","B","non-mutator","MOB",499183,499191,"coding (3756-3764/4281 nt)","499,183","IS<i>1</i>&nbsp;(&#8211;)&nbsp;+9&nbsp;bp","coding&nbsp;(3756&#8209;3764/4281&nbsp;nt)","rhsD","rhsD","<i>rhsD</i>&nbsp;&rarr;","rhsD element protein","rhsD element protein","ECB_00448","mobile_element_insertion","not_snp"
"172","LTEE","Ara+5",2000,"REL1162B","B","non-mutator","SNP",558211,558211,"148","558,211","A&rarr;C","<font class=snp_type_nonsynonymous>I50L</font>&nbsp;(<font class=mutation_in_codon>A</font>TC&rarr;<font class=mutation_in_codon>C</font>TC)&nbsp;","ECB_00516","ECB_00516","<i>ECB_00516</i>&nbsp;&rarr;","conserved hypothetical protein","conserved hypothetical protein","ECB_00516","snp_nonsynonymous","nonsynonymous"
"173","LTEE","Ara+5",2000,"REL1162B","B","non-mutator","SNP",1351696,1351696,"302","1,351,696","C&rarr;T","<font class=snp_type_nonsynonymous>C101Y</font>&nbsp;(T<font class=mutation_in_codon>G</font>T&rarr;T<font class=mutation_in_codon>A</font>T)&nbsp;","sapD","sapD","<i>sapD</i>&nbsp;&larr;","predicted antimicrobial peptide transporter subunit","predicted antimicrobial peptide transporter subunit","ECB_01268","snp_nonsynonymous","nonsynonymous"
"174","LTEE","Ara+5",2000,"REL1162B","B","non-mutator","SNP",1734102,1734102,"1138","1,734,102","G&rarr;A","<font class=snp_type_nonsynonymous>G380S</font>&nbsp;(<font class=mutation_in_codon>G</font>GC&rarr;<font class=mutation_in_codon>A</font>GC)&nbsp;","pykF","pykF","<i>pykF</i>&nbsp;&rarr;","pyruvate kinase","pyruvate kinase","ECB_01645","snp_nonsynonymous","nonsynonymous"
"175","LTEE","Ara+5",2000,"REL1162B","B","non-mutator","SNP",3328402,3328402,"577","3,328,402","G&rarr;A","<font class=snp_type_nonsynonymous>R193C</font>&nbsp;(<font class=mutation_in_codon>C</font>GT&rarr;<font class=mutation_in_codon>T</font>GT)&nbsp;","mreB","mreB","<i>mreB</i>&nbsp;&larr;","cell wall structural complex MreBCD, actin-like component MreB","cell wall structural complex MreBCD, actin&#8209;like component MreB","ECB_03110","snp_nonsynonymous","nonsynonymous"
"176","LTEE","Ara+5",2000,"REL1162B","B","non-mutator","DEL",3894997,3900107,"","3,894,997","&Delta;5,111&nbsp;bp","IS<i>150</i>&#8209;mediated","rbsD,rbsA,rbsC,rbsB,rbsK,[rbsR]","rbsD–[rbsR]","<i>rbsD</i>&#8211;<i>[rbsR]</i>","rbsD, rbsA, rbsC, rbsB, rbsK, [rbsR]","<i>rbsD, rbsA, rbsC, rbsB, rbsK, [rbsR]</i>","[ECB_03634]–[ECB_03639]","large_deletion","not_snp"
"177","LTEE","Ara+5",2000,"REL1162B","B","non-mutator","SNP",4012725,4012725,"1208","4,012,725","C&rarr;T","<font class=snp_type_nonsynonymous>A403V</font>&nbsp;(G<font class=mutation_in_codon>C</font>C&rarr;G<font class=mutation_in_codon>T</font>C)&nbsp;","trkH","trkH","<i>trkH</i>&nbsp;&rarr;","potassium transporter","potassium transporter","ECB_03740","snp_nonsynonymous","nonsynonymous"
"178","LTEE","Ara+6",2000,"REL1163A","A","non-mutator","SNP",650542,650542,"260","650,542","T&rarr;G","<font class=snp_type_nonsynonymous>Q87P</font>&nbsp;(C<font class=mutation_in_codon>A</font>G&rarr;C<font class=mutation_in_codon>C</font>G)&nbsp;","mrdA","mrdA","<i>mrdA</i>&nbsp;&larr;","transpeptidase involved in peptidoglycan synthesis (penicillin-binding protein 2)","transpeptidase involved in peptidoglycan synthesis (penicillin&#8209;binding protein 2)","ECB_00604","snp_nonsynonymous","nonsynonymous"
"179","LTEE","Ara+6",2000,"REL1163A","A","non-mutator","SNP",1733172,1733172,"208","1,733,172","C&rarr;A","<font class=snp_type_nonsynonymous>P70T</font>&nbsp;(<font class=mutation_in_codon>C</font>CG&rarr;<font class=mutation_in_codon>A</font>CG)&nbsp;","pykF","pykF","<i>pykF</i>&nbsp;&rarr;","pyruvate kinase","pyruvate kinase","ECB_01645","snp_nonsynonymous","nonsynonymous"
"180","LTEE","Ara+6",2000,"REL1163A","A","non-mutator","SNP",2771293,2771293,"intergenic (-103/-149)","2,771,293","T&rarr;A","intergenic&nbsp;(&#8209;103/&#8209;149)","cysD,iap","cysD/iap","<i>cysD</i>&nbsp;&larr;&nbsp;/&nbsp;&rarr;&nbsp;<i>iap</i>","sulfate adenylyltransferase subunit 2/aminopeptidase in alkaline phosphatase isozyme conversion","sulfate adenylyltransferase subunit 2/aminopeptidase in alkaline phosphatase isozyme conversion","ECB_02602/ECB_02603","snp_intergenic","intergenic"
"181","LTEE","Ara+6",2000,"REL1163A","A","non-mutator","SNP",3762117,3762117,"1361","3,762,117","A&rarr;T","<font class=snp_type_nonsynonymous>N454I</font>&nbsp;(A<font class=mutation_in_codon>A</font>T&rarr;A<font class=mutation_in_codon>T</font>T)&nbsp;","spoT","spoT","<i>spoT</i>&nbsp;&rarr;","bifunctional (p)ppGpp synthetase II/ guanosine-3',5'-bis pyrophosphate 3'-pyrophosphohydrolase","bifunctional (p)ppGpp synthetase II/ guanosine&#8209;3',5'&#8209;bis pyrophosphate 3'&#8209;pyrophosphohydrolase","ECB_03507","snp_nonsynonymous","nonsynonymous"
"182","LTEE","Ara+6",2000,"REL1163A","A","non-mutator","DEL",3894997,3901413,"","3,894,997","&Delta;6,417&nbsp;bp","IS<i>150</i>&#8209;mediated","rbsD,rbsA,rbsC,rbsB,rbsK,rbsR,[yieO]","rbsD–[yieO]","<i>rbsD</i>&#8211;<i>[yieO]</i>","rbsD, rbsA, rbsC, rbsB, rbsK, rbsR, [yieO]","<i>rbsD, rbsA, rbsC, rbsB, rbsK, rbsR, [yieO]</i>","[ECB_03634]–[ECB_03640]","large_deletion","not_snp"
"183","LTEE","Ara+6",2000,"REL1163B","B","non-mutator","SNP",650542,650542,"260","650,542","T&rarr;G","<font class=snp_type_nonsynonymous>Q87P</font>&nbsp;(C<font class=mutation_in_codon>A</font>G&rarr;C<font class=mutation_in_codon>C</font>G)&nbsp;","mrdA","mrdA","<i>mrdA</i>&nbsp;&larr;","transpeptidase involved in peptidoglycan synthesis (penicillin-binding protein 2)","transpeptidase involved in peptidoglycan synthesis (penicillin&#8209;binding protein 2)","ECB_00604","snp_nonsynonymous","nonsynonymous"
"184","LTEE","Ara+6",2000,"REL1163B","B","non-mutator","SNP",1733172,1733172,"208","1,733,172","C&rarr;A","<font class=snp_type_nonsynonymous>P70T</font>&nbsp;(<font class=mutation_in_codon>C</font>CG&rarr;<font class=mutation_in_codon>A</font>CG)&nbsp;","pykF","pykF","<i>pykF</i>&nbsp;&rarr;","pyruvate kinase","pyruvate kinase","ECB_01645","snp_nonsynonymous","nonsynonymous"
"185","LTEE","Ara+6",2000,"REL1163B","B","non-mutator","SNP",2771293,2771293,"intergenic (-103/-149)","2,771,293","T&rarr;A","intergenic&nbsp;(&#8209;103/&#8209;149)","cysD,iap","cysD/iap","<i>cysD</i>&nbsp;&larr;&nbsp;/&nbsp;&rarr;&nbsp;<i>iap</i>","sulfate adenylyltransferase subunit 2/aminopeptidase in alkaline phosphatase isozyme conversion","sulfate adenylyltransferase subunit 2/aminopeptidase in alkaline phosphatase isozyme conversion","ECB_02602/ECB_02603","snp_intergenic","intergenic"
"186","LTEE","Ara+6",2000,"REL1163B","B","non-mutator","SNP",3762117,3762117,"1361","3,762,117","A&rarr;T","<font class=snp_type_nonsynonymous>N454I</font>&nbsp;(A<font class=mutation_in_codon>A</font>T&rarr;A<font class=mutation_in_codon>T</font>T)&nbsp;","spoT","spoT","<i>spoT</i>&nbsp;&rarr;","bifunctional (p)ppGpp synthetase II/ guanosine-3',5'-bis pyrophosphate 3'-pyrophosphohydrolase","bifunctional (p)ppGpp synthetase II/ guanosine&#8209;3',5'&#8209;bis pyrophosphate 3'&#8209;pyrophosphohydrolase","ECB_03507","snp_nonsynonymous","nonsynonymous"
"187","LTEE","Ara+6",2000,"REL1163B","B","non-mutator","DEL",3894997,3901413,"","3,894,997","&Delta;6,417&nbsp;bp","IS<i>150</i>&#8209;mediated","rbsD,rbsA,rbsC,rbsB,rbsK,rbsR,[yieO]","rbsD–[yieO]","<i>rbsD</i>&#8211;<i>[yieO]</i>","rbsD, rbsA, rbsC, rbsB, rbsK, rbsR, [yieO]","<i>rbsD, rbsA, rbsC, rbsB, rbsK, rbsR, [yieO]</i>","[ECB_03634]–[ECB_03640]","large_deletion","not_snp"
